seller_id,item_id,units_sold,revenue,marketplace_price,sale_date,dq_failure_reason
C209,I984498,707,8.243693737E7,79753.28,,missing_sale_date
,I984539,2077,1.585431722E8,65978.92,2025-10-15,missing_seller_id
,I984568,1961,1.3663382195E8,116917.99,2025-10-22,missing_seller_id
C240,I984580,2238,9.808269564E7,56837.71,,missing_sale_date
C225,I984590,2295,2.2215313531E8,-116705.44,2025-10-20,price_negative
C240,I984616,195,1.584068569E7,40472.64,,missing_sale_date
,I984634,823,2.075900134E7,133255.67,2025-09-25,missing_seller_id
,I984654,1317,1.751007475E8,117801.21,2025-10-27,missing_seller_id
,I984657,2465,1.9473609409E8,39246.04,2025-10-29,missing_seller_id
C228,I984690,810,4.367988149E7,107288.46,,missing_sale_date
C216,I984700,2259,2.689801328E7,85122.91,,missing_sale_date
C211,I984703,2958,1.1649135861E8,61961.41,,missing_sale_date
C207,I984706,1243,1.2692701081E8,47966.51,,missing_sale_date
,I984714,1459,2.1550091027E8,87375.49,2025-09-10,missing_seller_id
C230,I984792,1378,1.3677265724E8,29625.06,,missing_sale_date
C217,I984836,114,1.69070367E7,135771.7,,missing_sale_date
C222,I984839,2589,3.8771847508E8,118028.85,,missing_sale_date
C231,I984841,1809,4.99420042E7,112307.72,,missing_sale_date
,I984856,2777,1.9378454142E8,11886.72,2025-10-15,missing_seller_id
,I984903,1305,7.001128703E7,40900.73,2025-09-26,missing_seller_id
C231,I984920,1800,2.2144572572E8,110992.4,,missing_sale_date
C213,I984929,2357,3.0878369808E8,-144056.01,2025-09-22,price_negative
C217,I984933,1027,6.734825628E7,-61345.79,2025-10-05,price_negative
,I984945,810,1.070250494E8,136116.28,2025-09-03,missing_seller_id
,I984962,2163,8.379162183E7,115699.39,2025-09-25,missing_seller_id
C217,I984973,0,4.175447714E7,119335.79,,missing_sale_date
C227,I984981,2718,4.810802278E7,4805.31,,missing_sale_date
,I984995,1151,1.5930203357E8,49275.12,2025-09-09,missing_seller_id
C205,I984996,1555,2.945213976E7,-58151.3,2025-10-12,price_negative
,I985025,2284,2.3907163689E8,50550.64,2025-09-02,missing_seller_id
C207,I985091,879,2.091641522E7,127024.5,,missing_sale_date
,I985113,2966,3.6088442558E8,-111059.71,2025-10-08,"missing_seller_id,price_negative"
C215,I985115,1425,1.0897451784E8,-18245.13,2025-10-27,price_negative
C232,I985119,1707,2.02550955E7,-148519.08,2025-09-26,price_negative
C226,I985122,1944,1.5443616901E8,-44616.42,2025-10-30,price_negative
,I985123,348,1304843.66,116979.03,2025-09-04,missing_seller_id
C230,I985139,2753,1.0368088244E8,-62297.25,2025-09-12,price_negative
C218,I985144,1505,6.907406169E7,-148219.18,2025-09-28,price_negative
C246,I985153,1668,3.185869594E7,-137704.29,2025-10-27,price_negative
C211,I985158,2777,1.8290521771E8,-137956.25,2025-10-27,price_negative
C233,I985175,2108,4.366998134E7,70296.4,,missing_sale_date
C245,I985191,1825,1.568673114E8,53709.63,,missing_sale_date
,I985192,878,6.903268285E7,81860.2,2025-10-26,missing_seller_id
,I985212,345,4.664272307E7,39686.27,2025-09-15,missing_seller_id
C232,I985242,0,991030.09,-85176.96,2025-09-21,price_negative
,I985253,2560,1.9740172318E8,136240.28,2025-09-23,missing_seller_id
,I985257,2607,2.6253821324E8,9196.37,2025-09-11,missing_seller_id
,I985264,2618,1.5107453308E8,27221.29,2025-09-21,missing_seller_id
,I985282,253,6112154.62,19325.52,2025-10-31,missing_seller_id
C210,I985288,2012,2.8109882453E8,-136141.18,2025-09-07,price_negative
C237,I985290,976,6.372526474E7,-137300.5,2025-10-17,price_negative
C213,I985303,1997,1.6570560035E8,132774.01,,missing_sale_date
,I985350,532,5.691962891E7,53443.34,2025-09-06,missing_seller_id
C229,I985373,1125,8.461493031E7,-44203.24,2025-10-29,price_negative
C245,I985398,2330,2.3880756337E8,7649.22,,missing_sale_date
,I985400,878,8.75419309E7,148991.03,2025-10-13,missing_seller_id
C226,I985410,2344,2.6708142448E8,-131016.62,2025-09-09,price_negative
C249,I985412,2492,3.167426013E7,-516.75,2025-09-27,price_negative
,I985425,2876,7.341176278E7,1893.17,2025-09-05,missing_seller_id
,I985448,1696,1.0250182271E8,22026.27,2025-10-08,missing_seller_id
C246,I985450,2959,2.3320255977E8,-94469.17,2025-09-11,price_negative
C204,I985461,800,8.898889372E7,-1468.96,2025-10-18,price_negative
C241,I985468,1072,1.150356439E7,25628.79,,missing_sale_date
C232,I985471,413,3.571137346E7,-28163.51,2025-09-04,price_negative
C241,I985495,2889,2.3554538753E8,142827.46,,missing_sale_date
C216,I985510,2331,3.669860583E7,-121394.79,2025-09-05,price_negative
C230,I985547,1194,4.374073077E7,-141230.98,2025-09-22,price_negative
,I985561,2397,1.225249268E8,63215.43,2025-10-23,missing_seller_id
,I985623,2953,2.4451050592E8,52168.88,2025-09-25,missing_seller_id
,I985642,1734,1.5208243796E8,104680.35,2025-10-21,missing_seller_id
C219,I985672,731,1.0881966594E8,-141215.63,2025-10-06,price_negative
C218,I985681,426,5.493861986E7,2332.77,,missing_sale_date
C233,I985705,1183,7.064313413E7,-142114.2,2025-09-05,price_negative
,I985714,2469,9.627375346E7,56262.56,2025-09-21,missing_seller_id
C229,I985737,1462,3226313.49,-94006.09,2025-10-29,price_negative
,I985750,638,7.529763994E7,23036.24,2025-10-17,missing_seller_id
,I985813,1892,1.8357249748E8,82079.08,2025-09-04,missing_seller_id
,I985891,1539,1.6392023381E8,117440.61,2025-09-26,missing_seller_id
C225,I985907,801,5.586792852E7,-604.86,2025-09-18,price_negative
C206,I985922,192,1.435564423E7,-121147.78,2025-10-19,price_negative
C242,I985927,1843,1.7894476826E8,39499.87,,missing_sale_date
C219,I985929,958,0.0,55531.16,,missing_sale_date
,I985934,2691,3.5104402583E8,96187.37,2025-09-03,missing_seller_id
C229,I985939,1155,1.5841855986E8,-8373.03,2025-09-09,price_negative
C226,I985944,275,2314590.8,-38762.23,2025-09-27,price_negative
C223,I985956,364,3.022899629E7,-40655.89,2025-10-16,price_negative
,I985963,1796,1.8033741556E8,63963.59,2025-10-08,missing_seller_id
C212,I985979,987,3.953552424E7,18500.55,,missing_sale_date
C248,I986008,2844,3.0836008341E8,46299.07,,missing_sale_date
,I986025,2226,1.8261396874E8,52465.78,2025-10-06,missing_seller_id
C204,I986027,1406,7.724652114E7,-85155.38,2025-09-17,price_negative
C214,I986037,2826,7.723157406E7,-52316.38,2025-09-15,price_negative
C224,I986040,771,2.984933447E7,-34390.11,2025-10-11,price_negative
C242,I986064,1100,1.1402887006E8,59646.97,,missing_sale_date
C232,I986079,2702,1.2749739274E8,-70686.08,2025-10-22,price_negative
C208,I986085,1366,1.8412993514E8,-52297.3,2025-10-04,price_negative
C217,I986098,1163,1.4087837786E8,99021.79,,missing_sale_date
,I986109,1847,7293291.35,80017.38,2025-09-06,missing_seller_id
C207,I986112,905,1.3081687794E8,-84097.07,2025-10-07,price_negative
C204,I986127,330,2.35643286E7,2033.99,,missing_sale_date
C209,I986175,736,1.688898173E7,-133704.06,2025-09-12,price_negative
C216,I986183,2683,1.9760701624E8,71437.99,,missing_sale_date
C225,I986195,1058,1.2220695032E8,21267.69,,missing_sale_date
,I986228,685,0.0,49918.52,2025-10-27,missing_seller_id
C228,I986235,1304,1.620506459E8,-145946.82,2025-10-21,price_negative
C240,I986260,1827,6.466025424E7,-82123.14,2025-10-08,price_negative
C237,I986261,1638,2.2942353982E8,55713.52,,missing_sale_date
,I986282,225,2.186017189E7,81421.81,2025-09-12,missing_seller_id
C234,I986302,2505,4.338424668E7,142654.15,,missing_sale_date
,I986306,1011,1.133563883E8,60709.2,2025-09-24,missing_seller_id
,I986307,2869,2.2271867316E8,97825.39,2025-09-27,missing_seller_id
,I986319,567,2.664522358E7,17021.64,2025-10-29,missing_seller_id
,I986338,1856,2.3988791822E8,99929.41,2025-09-12,missing_seller_id
,I986355,2752,5.999757936E7,107854.73,2025-09-02,missing_seller_id
C230,I986405,2257,1.3179396138E8,-29236.03,2025-10-05,price_negative
,I986410,2835,1.107783903E7,66154.93,2025-10-16,missing_seller_id
C207,I986414,2109,5.286520414E7,7276.11,,missing_sale_date
,I986428,2389,2.1320078019E8,8354.79,2025-09-19,missing_seller_id
,I986438,2447,1.4302786997E8,47076.21,2025-10-31,missing_seller_id
C231,I986499,0,8.701181519E7,-127675.48,2025-10-21,price_negative
C211,I986521,824,8.638303912E7,-92952.37,2025-09-02,price_negative
C212,I986546,788,8.299702536E7,-102694.74,2025-09-20,price_negative
C218,I986561,1810,1.5135237121E8,59285.35,,missing_sale_date
,I986582,127,1.715588588E7,104026.9,2025-09-01,missing_seller_id
,I986587,246,2.24314743E7,145434.23,2025-10-24,missing_seller_id
C213,I986617,402,4.100233801E7,31199.86,,missing_sale_date
C209,I986627,2910,4.2737555914E8,140926.35,,missing_sale_date
,I986631,1785,7.357264411E7,95234.04,2025-09-30,missing_seller_id
C227,I986638,2461,1.1126115453E8,-72123.89,2025-10-20,price_negative
C249,I986646,1010,5.013524659E7,82706.72,,missing_sale_date
C236,I986663,211,8724687.12,141941.98,,missing_sale_date
C204,I986673,2729,9.606142807E7,-106058.52,2025-10-16,price_negative
C228,I986715,2159,9.367846457E7,102020.69,,missing_sale_date
C216,I986722,1773,1.4456593863E8,-121778.31,2025-09-28,price_negative
C248,I986771,1686,3.548770292E7,135117.72,,missing_sale_date
C215,I986773,937,2.624920674E7,-40289.0,2025-09-12,price_negative
C205,I986790,2145,1.8635399569E8,-130333.13,2025-10-20,price_negative
,I986799,2163,1.2374428205E8,23411.19,2025-10-26,missing_seller_id
,I986817,1741,7.370042558E7,77082.12,2025-09-08,missing_seller_id
,I986847,2664,1.6609747236E8,45336.58,2025-09-09,missing_seller_id
C231,I986850,1861,1.9525769007E8,-94026.4,2025-09-19,price_negative
C242,I986860,612,2.474214636E7,-143495.89,2025-09-24,price_negative
C236,I986876,2627,1.1607630355E8,-21139.69,2025-09-14,price_negative
C211,I986878,1360,6.904735071E7,-28005.87,2025-09-13,price_negative
,I986897,2956,1.4912793033E8,142709.34,2025-09-08,missing_seller_id
C203,I986899,2465,2.8364147526E8,-128723.86,2025-10-30,price_negative
,I986911,2561,3.4276894623E8,22664.84,2025-09-20,missing_seller_id
C229,I986917,1284,1.6923256895E8,104779.94,,missing_sale_date
C247,I986920,1156,3.116409018E7,-5198.66,2025-09-03,price_negative
C227,I986959,589,3.645642026E7,80659.71,,missing_sale_date
C248,I986967,0,1.872219105E7,40320.38,,missing_sale_date
C206,I986972,0,5.58864131E7,26000.8,,missing_sale_date
,I987000,1493,5.184222945E7,108680.07,2025-09-08,missing_seller_id
C205,I987008,2994,1.5384405831E8,1973.96,,missing_sale_date
,I987012,1067,5.757475367E7,58171.78,2025-10-04,missing_seller_id
,I987063,1241,9.64215914E7,79678.78,2025-09-26,missing_seller_id
C244,I987075,1784,1.049066486E7,4652.74,,missing_sale_date
,I987150,2171,2.7819485715E8,128260.29,2025-10-06,missing_seller_id
,I987192,520,6.430141784E7,54614.46,2025-10-29,missing_seller_id
C214,I987205,2694,1.9485955336E8,-105519.08,2025-09-01,price_negative
C238,I987206,375,4.558823417E7,-86957.88,2025-10-10,price_negative
,I987296,1572,6.029037563E7,96385.6,2025-10-08,missing_seller_id
C223,I987305,1582,4.363824386E7,76665.49,,missing_sale_date
C209,I987351,1568,1.2725897139E8,-77661.88,2025-10-18,price_negative
,I987366,2776,2.612687097E8,21445.78,2025-10-06,missing_seller_id
C213,I987382,2144,3.431186631E7,-6472.44,2025-09-22,price_negative
,I987407,988,6.09908532E7,137026.64,2025-09-06,missing_seller_id
C216,I987419,1826,1.3239756128E8,128331.04,,missing_sale_date
C202,I987445,2346,1.9791185736E8,-4650.79,2025-09-08,price_negative
,I987447,666,4.600470474E7,34325.44,2025-09-03,missing_seller_id
C226,I987464,1373,1.347899743E7,-5528.06,2025-09-27,price_negative
,I987511,1683,1.7260391938E8,75299.5,2025-09-19,missing_seller_id
C248,I987538,2170,2.4634349032E8,-28449.67,2025-09-09,price_negative
C242,I987576,703,8.110468954E7,-98600.22,2025-09-21,price_negative
,I987585,2856,3428336.99,41911.15,2025-09-09,missing_seller_id
C233,I987606,1873,4.003906611E7,47600.19,,missing_sale_date
C214,I987610,1134,9.811839586E7,-99264.68,2025-09-21,price_negative
C202,I987641,1321,1.9176719789E8,145526.38,,missing_sale_date
C212,I987647,1608,2.238543161E8,-82513.25,2025-09-12,price_negative
C205,I987667,931,2.793898367E7,69916.11,,missing_sale_date
C243,I987691,2439,1.2856821766E8,-3435.32,2025-09-06,price_negative
C222,I987706,2881,2.0996773311E8,103244.73,,missing_sale_date
,I987710,1289,1.3013280417E8,119297.19,2025-10-22,missing_seller_id
,I987721,1855,6.741912326E7,103419.9,2025-10-07,missing_seller_id
C246,I987725,2577,1.4722324725E8,88195.63,,missing_sale_date
C246,I987745,1874,3.726434704E7,-2934.73,2025-10-23,price_negative
,I987758,2366,7.172775972E7,115529.97,2025-09-17,missing_seller_id
C221,I987762,604,7.013173811E7,-23150.72,2025-10-23,price_negative
C217,I987764,364,1494663.86,-2558.12,2025-09-25,price_negative
,I987802,285,1.344183851E7,141143.9,2025-10-18,missing_seller_id
,I987803,2874,3.4149488659E8,128457.98,2025-10-14,missing_seller_id
C222,I987813,2826,3518331.58,-4618.45,2025-09-25,price_negative
C248,I987816,937,4.669623998E7,-55748.72,2025-09-28,price_negative
,I987835,458,6.621229963E7,27174.96,2025-10-03,missing_seller_id
C211,I987863,0,5256124.14,-29535.59,2025-10-10,price_negative
C229,I987887,2965,4.434888226E7,-113987.7,2025-10-07,price_negative
,I987888,1675,6.911327808E7,48239.27,2025-10-07,missing_seller_id
,I987920,2453,1.9628676532E8,3951.44,2025-10-15,missing_seller_id
C221,I987934,2881,4.2113256315E8,42426.61,,missing_sale_date
C239,I987940,2435,1.7100426608E8,-96371.97,,"price_negative,missing_sale_date"
,I987990,1030,1.4292195196E8,26455.88,2025-09-04,missing_seller_id
,I988021,2864,4.112161712E8,35204.05,2025-09-08,missing_seller_id
C223,I988046,2946,3.137753706E8,120327.54,,missing_sale_date
,I988051,2641,7.06427636E7,122288.47,2025-10-12,missing_seller_id
,I988055,102,3730448.88,44784.73,2025-10-18,missing_seller_id
C217,I988057,2321,7.993779089E7,43034.32,,missing_sale_date
C244,I988071,1664,2.1076830273E8,30768.79,,missing_sale_date
,I988090,2625,3.244543473E7,112660.14,2025-10-07,missing_seller_id
,I988113,1945,1.8505444036E8,114689.03,2025-09-15,missing_seller_id
,I988116,493,8816786.46,7950.1,2025-09-01,missing_seller_id
C250,I988120,2837,2.0003622497E8,-145270.81,2025-09-10,price_negative
C237,I988130,2917,8784577.4,3145.24,,missing_sale_date
C206,I988142,1259,3.841598708E7,133918.23,,missing_sale_date
C232,I988163,1880,2.4387915066E8,-139147.81,2025-10-07,price_negative
C205,I988183,1335,3.200499002E7,23345.57,,missing_sale_date
C227,I988186,1702,3.424319384E7,37657.94,,missing_sale_date
C245,I988212,1947,6.223188716E7,-90072.63,2025-09-14,price_negative
C226,I988234,184,1.638716886E7,53835.62,,missing_sale_date
C222,I988236,2222,1.3290241474E8,25799.7,,missing_sale_date
,I988248,1726,1.0981029227E8,93541.4,2025-09-16,missing_seller_id
C235,I988261,582,2.694100407E7,67699.09,,missing_sale_date
C218,I988276,1036,1.1905575115E8,-54361.25,2025-09-10,price_negative
,I988319,1845,1.7275197814E8,50262.17,2025-09-26,missing_seller_id
,I988354,1284,1.8537305567E8,128759.43,2025-09-09,missing_seller_id
C246,I988405,2483,1.3000700923E8,-128461.45,2025-10-30,price_negative
,I988431,1071,7.398045456E7,29318.4,2025-10-06,missing_seller_id
C213,I988444,2914,3.4635978609E8,-26287.89,2025-10-18,price_negative
,I988471,2396,8.533828476E7,41327.81,2025-09-21,missing_seller_id
C242,I988509,2155,3.501232614E7,72224.68,,missing_sale_date
C205,I988516,931,4.916250063E7,119596.29,,missing_sale_date
C212,I988533,695,5.935765353E7,-112118.85,2025-10-23,price_negative
C213,I988546,1516,8.105101652E7,57582.92,,missing_sale_date
,I988569,1005,2.153218235E7,78086.23,2025-10-11,missing_seller_id
,I988572,912,4.805331974E7,18728.03,2025-10-05,missing_seller_id
C227,I988576,753,3.695573138E7,75401.39,,missing_sale_date
C244,I988583,1397,1.7197439741E8,48302.08,,missing_sale_date
,I988606,2097,2.1201326065E8,105425.26,2025-10-30,missing_seller_id
,I988619,307,2.472338155E7,75726.68,2025-10-05,missing_seller_id
,I988637,334,1.005524502E7,58132.94,2025-10-28,missing_seller_id
,I988639,1161,9.142509719E7,112774.96,2025-09-07,missing_seller_id
,I988655,0,2.4655521038E8,89028.87,2025-09-15,missing_seller_id
C241,I988660,196,2.083636275E7,-27841.3,2025-09-22,price_negative
C240,I988661,2424,7.421149467E7,118409.7,,missing_sale_date
C217,I988666,361,9504538.45,129632.78,,missing_sale_date
,I988734,1840,2.2198783018E8,83052.08,2025-09-17,missing_seller_id
,I988744,2322,2.4324295032E8,38978.23,2025-10-28,missing_seller_id
C238,I988756,443,2652388.57,-75725.86,2025-09-27,price_negative
,I988793,1793,8.924486433E7,63386.49,2025-10-07,missing_seller_id
,I988810,1223,7.353102353E7,130577.28,2025-09-26,missing_seller_id
C242,I988812,2606,2.6577239076E8,-83751.79,2025-10-24,price_negative
C226,I988840,596,5277762.31,73712.46,,missing_sale_date
C215,I988866,1420,6.401600522E7,148579.23,,missing_sale_date
C243,I988869,1389,1.5408226037E8,-149953.25,2025-10-31,price_negative
C210,I988875,2262,1.6083475673E8,51817.45,,missing_sale_date
C204,I988888,1628,1.7918510559E8,-87108.49,2025-10-20,price_negative
C201,I988935,1661,9243565.27,-147447.84,2025-10-04,price_negative
C249,I988941,1464,8.996034979E7,-51253.51,2025-09-27,price_negative
C241,I988953,226,3.345591638E7,-127763.83,2025-10-06,price_negative
C229,I988960,1146,1.5557918272E8,-85756.24,2025-10-07,price_negative
,I988965,1234,1.2943770584E8,37290.4,2025-09-12,missing_seller_id
C207,I988975,1097,2.815405401E7,-96669.51,2025-09-08,price_negative
C222,I988991,934,1.232297006E8,77337.93,,missing_sale_date
C238,I989009,777,1.0422127576E8,-57428.58,2025-09-23,price_negative
C233,I989024,946,1.0084115884E8,116030.34,,missing_sale_date
C209,I989050,1031,5.107137197E7,-143375.96,2025-09-24,price_negative
C233,I989055,913,5.205580291E7,-35627.46,2025-10-10,price_negative
,I989093,483,1.492504116E7,65507.95,2025-09-24,missing_seller_id
C238,I989102,2928,2.0704485803E8,-120978.04,2025-10-15,price_negative
C202,I989123,572,0.0,-141288.78,2025-09-19,price_negative
C204,I989149,2456,2.535819769E8,81416.03,,missing_sale_date
,I989150,2395,2.2157549256E8,134871.82,2025-10-10,missing_seller_id
,I989151,2559,2.2607773308E8,89133.31,2025-10-03,missing_seller_id
,I989157,505,4.475948978E7,42473.7,2025-09-17,missing_seller_id
,I989162,1974,3.948778786E7,6943.01,2025-10-16,missing_seller_id
C236,I989207,1637,5.42055037E7,-68488.04,2025-10-27,price_negative
C202,I989233,2288,1.8174388798E8,-63048.24,2025-10-06,price_negative
C209,I989245,2128,1.8548586695E8,71079.73,,missing_sale_date
C226,I989259,2272,6.908697432E7,-60044.06,2025-10-31,price_negative
C227,I989267,1478,3.481519794E7,52057.52,,missing_sale_date
C216,I989292,628,3.920995986E7,-109223.83,2025-10-19,price_negative
,I989301,2305,9514997.4,102628.02,2025-09-26,missing_seller_id
C249,I989305,1683,4.498655198E7,99124.84,,missing_sale_date
,I989320,1647,1.776532505E8,52993.41,2025-10-12,missing_seller_id
,I989328,1996,1.9177830095E8,59990.34,2025-10-22,missing_seller_id
C202,I989338,1272,8.997936273E7,-9930.88,2025-10-09,price_negative
C218,I989365,1134,9.161293851E7,92885.22,,missing_sale_date
C231,I989381,639,3.189180022E7,-134511.11,2025-09-22,price_negative
C226,I989386,1250,1.7804855897E8,-137825.73,2025-09-21,price_negative
,I989418,1107,9.919414198E7,121830.9,2025-10-30,missing_seller_id
,I989440,1399,1.667719902E7,91336.91,2025-09-22,missing_seller_id
C240,I989460,2133,2.6438392818E8,76386.05,,missing_sale_date
,I989506,680,2.404841861E7,125600.57,2025-10-05,missing_seller_id
C222,I989520,121,1.527805637E7,-85377.1,2025-10-10,price_negative
C240,I989531,659,4.595126118E7,-71515.82,2025-09-20,price_negative
C228,I989551,1044,5.289462888E7,-33832.2,2025-10-15,price_negative
C214,I989583,0,2.5600299551E8,-45237.99,2025-10-14,price_negative
C234,I989613,143,1.737241251E7,146330.42,,missing_sale_date
C211,I989618,340,446815.97,15218.38,,missing_sale_date
,I989626,1820,1.6879976648E8,144051.53,2025-09-30,missing_seller_id
C208,I989664,1117,7.301639473E7,148071.97,,missing_sale_date
,I989671,856,4.483380442E7,37323.82,2025-09-26,missing_seller_id
,I989684,2471,9.058024977E7,108702.72,2025-09-25,missing_seller_id
,I989685,1062,8.705673442E7,94749.2,2025-10-11,missing_seller_id
,I989704,824,8.982713122E7,51896.66,,"missing_seller_id,missing_sale_date"
C225,I989723,1189,1.323257337E8,16381.48,,missing_sale_date
,I989739,428,5031684.46,54534.38,2025-10-20,missing_seller_id
,I989784,833,3.389474168E7,121865.29,2025-09-07,missing_seller_id
C212,I989816,2261,3.3689471298E8,51443.32,,missing_sale_date
,I989827,2765,2.2121498146E8,84309.01,2025-09-03,missing_seller_id
C205,I989860,1372,1.1186992587E8,-8422.24,2025-10-26,price_negative
,I989865,763,4.460874607E7,148613.24,2025-09-02,missing_seller_id
,I989873,1975,2.690487286E7,101822.72,2025-10-15,missing_seller_id
,I989902,1929,2.0744808399E8,104426.79,2025-09-22,missing_seller_id
C216,I989978,2892,3.9266528617E8,115538.26,,missing_sale_date
C221,I989986,1902,2.143872366E8,-121011.26,2025-10-17,price_negative
,I989992,1052,1.4951616834E8,-63634.7,2025-09-15,"missing_seller_id,price_negative"
C245,I989996,560,6.176993131E7,88689.42,,missing_sale_date
C221,I990006,504,5.237200992E7,141521.39,,missing_sale_date
C240,I990010,2858,1.375529515E8,-114381.22,2025-09-18,price_negative
,I990018,493,7.261367303E7,91766.59,2025-10-10,missing_seller_id
C211,I990022,2774,5.407827855E7,-118347.11,2025-09-16,price_negative
,I990037,2722,1.6832697459E8,143520.67,2025-09-20,missing_seller_id
,I990046,2237,8.875858015E7,63281.3,2025-09-26,missing_seller_id
C224,I990085,1433,1.2235190943E8,123628.19,,missing_sale_date
,I990093,2188,3.1809439718E8,33685.29,2025-10-02,missing_seller_id
C249,I990103,2451,6.275555141E7,-52270.1,2025-10-03,price_negative
C247,I990155,1352,7.54277677E7,-117303.94,2025-10-08,price_negative
C239,I990161,2537,8.003350905E7,-60819.33,2025-09-13,price_negative
C227,I990196,155,1.499276494E7,43555.05,,missing_sale_date
C226,I990216,1129,8.748421589E7,-58221.58,2025-10-02,price_negative
,I990230,179,1.266511103E7,50388.44,2025-10-16,missing_seller_id
C225,I990235,628,4.905096641E7,-4151.83,2025-09-28,price_negative
C239,I990273,1399,8766478.65,16910.31,,missing_sale_date
C230,I990329,599,6.103696988E7,-74303.69,2025-10-06,price_negative
,I990360,408,3.506677171E7,52302.34,2025-09-08,missing_seller_id
C217,I990374,2042,1.8520352638E8,124967.33,,missing_sale_date
C235,I990381,2490,5.367472845E7,-2059.04,2025-10-03,price_negative
C241,I990397,1615,1.1579503317E8,84715.64,,missing_sale_date
C229,I990415,302,3.361354996E7,23248.58,,missing_sale_date
,I990441,2306,1.8041363202E8,59350.43,2025-09-25,missing_seller_id
,I990447,1268,2.603936771E7,35166.52,2025-09-05,missing_seller_id
C250,I990497,413,8927855.08,-141069.69,2025-09-26,price_negative
,I990511,1860,5.520158411E7,50152.94,2025-09-10,missing_seller_id
,I990523,2253,1.8949798373E8,129756.37,2025-10-01,missing_seller_id
,I990532,2103,9.998762034E7,20219.99,2025-09-14,missing_seller_id
C227,I990556,441,5.391612641E7,99730.6,,missing_sale_date
C206,I990574,1003,1.2034435602E8,128911.65,,missing_sale_date
C219,I990591,637,9538594.87,-128151.24,2025-09-10,price_negative
C249,I990601,436,1.411310902E7,-135347.92,2025-09-03,price_negative
,I990628,925,7036052.15,99359.06,2025-09-14,missing_seller_id
C215,I990653,2483,5.079885126E7,56496.22,,missing_sale_date
,I990666,305,3.339015382E7,114804.21,,"missing_seller_id,missing_sale_date"
,I990716,972,5.79082201E7,62757.38,2025-09-15,missing_seller_id
C243,I990743,1749,1.6347698672E8,135802.51,,missing_sale_date
C213,I990746,139,9599268.16,-8184.82,2025-10-23,price_negative
C212,I990748,2550,3.1983390053E8,-45395.71,2025-10-19,price_negative
C241,I990758,1901,1.4643906135E8,-143371.13,2025-09-05,price_negative
C231,I990769,2612,9.704483103E7,35349.83,,missing_sale_date
C237,I990774,1765,1.9079447914E8,38196.64,,missing_sale_date
C226,I990795,2671,6.568239782E7,-95652.74,2025-10-05,price_negative
,I990821,996,7.478932112E7,50150.08,2025-10-25,missing_seller_id
,I990831,1444,1.8221223394E8,102715.75,2025-09-29,missing_seller_id
C208,I990847,591,1.476985099E7,123451.51,,missing_sale_date
C211,I990882,1664,2.032354731E8,-37695.19,2025-09-11,price_negative
C201,I990887,2979,2.2456977808E8,-112914.93,2025-10-11,price_negative
C221,I990902,481,3.523035934E7,-3845.06,2025-10-16,price_negative
C223,I990912,2129,1.011336155E7,128122.6,,missing_sale_date
C228,I990914,1347,0.0,123022.56,,missing_sale_date
C229,I990935,883,7.901823005E7,-21015.01,2025-10-06,price_negative
C202,I990979,1377,1.5524188339E8,24559.49,,missing_sale_date
C231,I990989,2156,8.417975493E7,126026.38,,missing_sale_date
C236,I991008,238,2979363.87,30234.1,,missing_sale_date
C228,I991012,1167,4.188371769E7,105421.22,,missing_sale_date
C244,I991021,1538,2.1082026583E8,-21560.71,2025-09-13,price_negative
,I991060,407,8269097.95,58018.86,2025-09-14,missing_seller_id
,I991065,1820,2.2482422374E8,130632.68,2025-10-30,missing_seller_id
C204,I991067,1921,2.4906386332E8,-87500.17,2025-10-30,price_negative
C214,I991104,2660,2.6887988159E8,43452.08,,missing_sale_date
,I991108,2977,9.670103468E7,64978.61,2025-10-15,missing_seller_id
,I991149,2487,2.564014545E8,44216.8,2025-10-18,missing_seller_id
C240,I991150,1425,2.1278385678E8,-14595.84,2025-10-15,price_negative
,I991209,1918,1.6503592466E8,106187.38,2025-09-22,missing_seller_id
,I991228,798,8.720382357E7,52174.37,2025-09-02,missing_seller_id
C204,I991231,1706,6529159.81,-69958.49,2025-09-01,price_negative
C206,I991252,205,2.495779731E7,-77807.01,2025-09-13,price_negative
C244,I991253,1534,1.0841208273E8,-139243.78,2025-09-22,price_negative
,I991257,1449,2.0312576409E8,104563.24,2025-10-17,missing_seller_id
C208,I991260,1090,6.078331865E7,44758.68,,missing_sale_date
C232,I991288,2300,3.571793816E7,75667.01,,missing_sale_date
C231,I991303,1911,2.84506197E8,19185.26,,missing_sale_date
,I991328,900,7.337870475E7,110377.46,2025-09-21,missing_seller_id
C219,I991344,2180,1.2771907142E8,33337.71,,missing_sale_date
,I991392,696,6.403224933E7,-38180.04,2025-10-07,"missing_seller_id,price_negative"
C250,I991400,2549,1.822451077E7,-24217.23,2025-09-11,price_negative
,I991404,709,6.204778535E7,22982.64,2025-10-07,missing_seller_id
,I991405,468,3357782.1,62646.69,2025-09-03,missing_seller_id
C243,I991411,150,2941717.43,-81779.43,2025-10-28,price_negative
,I991413,1892,2.340544087E7,12367.17,2025-09-25,missing_seller_id
C245,I991432,370,4304270.32,-129227.48,2025-09-13,price_negative
C208,I991462,353,4.853417442E7,-100756.87,2025-10-23,price_negative
C238,I991479,1546,1.4464735452E8,-43764.75,2025-09-14,price_negative
C214,I991483,1210,9.205537986E7,-59937.24,2025-10-13,price_negative
C243,I991542,1871,3.93477317E7,-116572.1,2025-10-09,price_negative
C237,I991563,1279,2.8094135E7,-105320.83,2025-09-13,price_negative
,I991634,2730,2.192926592E7,128246.89,2025-10-24,missing_seller_id
C247,I991676,498,5.709410231E7,-129501.32,2025-09-19,price_negative
C213,I991687,318,2.452938114E7,22440.17,,missing_sale_date
C242,I991715,1735,1.08604455E8,-98392.63,2025-09-01,price_negative
C231,I991750,1465,1.9938713537E8,96705.37,,missing_sale_date
C209,I991755,586,7.455185482E7,87852.75,,missing_sale_date
,I991779,1518,5.489617174E7,134400.28,2025-09-23,missing_seller_id
C218,I991793,1718,1.6028178821E8,-102527.52,2025-10-17,price_negative
,I991804,841,1.0338516276E8,75567.02,2025-10-09,missing_seller_id
,I991823,2693,2.9312634886E8,96682.69,2025-09-24,missing_seller_id
C214,I991893,1718,1.4971317885E8,119382.33,,missing_sale_date
C222,I991910,1332,1.1060967714E8,49762.79,,missing_sale_date
C247,I991921,2521,1.2116425605E8,-73402.82,2025-09-23,price_negative
C226,I991928,846,9.865805719E7,-30379.35,2025-09-09,price_negative
C211,I991941,1967,2.1615377658E8,90726.06,,missing_sale_date
C232,I991950,1361,8.406932406E7,140127.54,,missing_sale_date
C241,I991962,2307,9.146437256E7,-856.87,2025-10-02,price_negative
C237,I991979,1613,5.04865594E7,81679.44,,missing_sale_date
C228,I992002,386,3.721997471E7,49205.64,,missing_sale_date
C216,I992041,1394,6.262303624E7,57821.19,,missing_sale_date
,I992063,2661,7.94143727E7,127392.27,2025-09-14,missing_seller_id
C202,I992064,1579,5.928723887E7,-111713.15,2025-10-12,price_negative
,I992068,1070,1.166618375E8,121256.68,2025-10-24,missing_seller_id
C207,I992076,2565,2.0412692048E8,24041.55,,missing_sale_date
C225,I992100,886,3.650820608E7,-99654.72,2025-09-17,price_negative
,I992127,169,2.260818557E7,18543.58,2025-10-02,missing_seller_id
,I992137,2858,2.321452595E7,82607.95,2025-09-01,missing_seller_id
,I992146,2460,1.7946211086E8,123934.65,2025-09-02,missing_seller_id
,I992210,521,2.396524691E7,532.48,2025-10-20,missing_seller_id
C245,I992216,1857,1.462089238E8,-93780.9,2025-09-08,price_negative
,I992246,690,6.201870699E7,79689.57,2025-10-23,missing_seller_id
,I992303,474,4.236469751E7,64156.41,2025-09-17,missing_seller_id
C228,I992313,677,2.345626429E7,39632.94,,missing_sale_date
C248,I992327,402,7532022.18,-12347.16,2025-09-17,price_negative
,I992369,1282,2.475777592E7,72097.51,2025-09-10,missing_seller_id
,I992383,342,4.621475523E7,105567.96,2025-10-28,missing_seller_id
C250,I992422,2823,3.7060146049E8,-38829.18,2025-10-14,price_negative
,I992440,2065,4.440422143E7,-23837.06,2025-10-09,"missing_seller_id,price_negative"
C242,I992453,1410,3.503743674E7,103543.02,,missing_sale_date
C217,I992473,839,5.101950245E7,47438.28,,missing_sale_date
,I992474,1199,5.447912233E7,30022.36,2025-09-14,missing_seller_id
C218,I992521,2711,3.7537630957E8,106209.22,,missing_sale_date
C232,I992522,806,5.853071738E7,-79428.87,2025-09-07,price_negative
,I992531,2660,1.9376834116E8,139846.16,2025-09-06,missing_seller_id
,I992538,1422,1.3179081659E8,67064.74,,"missing_seller_id,missing_sale_date"
,I992540,727,9.120712258E7,96092.48,2025-09-30,missing_seller_id
C208,I992548,581,4.731827336E7,-65077.97,2025-09-04,price_negative
C222,I992567,850,1.081556495E7,-34574.65,2025-09-22,price_negative
C226,I992568,2786,8.217880346E7,-20603.26,2025-09-27,price_negative
C241,I992569,1871,1.2762068321E8,26461.62,,missing_sale_date
,I992579,2861,3.5148050276E8,115340.94,,"missing_seller_id,missing_sale_date"
C206,I992584,1061,4.497578395E7,-109321.54,2025-09-03,price_negative
,I992591,595,7.336802366E7,39093.06,2025-09-06,missing_seller_id
,I992592,1341,9.237541775E7,51410.35,2025-10-09,missing_seller_id
C213,I992630,433,1225583.06,-68805.03,2025-10-19,price_negative
,I992639,1232,1.4828325743E8,6923.71,2025-10-25,missing_seller_id
,I992739,608,5.74180767E7,118483.88,2025-10-17,missing_seller_id
C223,I992763,896,4670556.64,-67641.62,2025-10-22,price_negative
,I992768,921,4757602.7,140057.42,2025-10-09,missing_seller_id
,I992773,1130,931008.32,73795.37,2025-09-20,missing_seller_id
,I992778,2200,3.220477651E7,129693.15,2025-10-04,missing_seller_id
C241,I992791,2249,6.703180085E7,81957.69,,missing_sale_date
C233,I992809,1390,2.989109162E7,73166.58,,missing_sale_date
C227,I992813,2438,1.3261800087E8,77275.02,,missing_sale_date
C215,I992827,2122,4.930556165E7,57939.06,,missing_sale_date
,I992833,417,5.004803383E7,102873.07,2025-10-13,missing_seller_id
C246,I992834,263,527570.36,4146.59,,missing_sale_date
,I992837,578,5.139430661E7,117843.5,2025-10-04,missing_seller_id
C220,I992846,878,9.021064216E7,-89278.15,2025-09-28,price_negative
C201,I992847,2265,4755487.86,-57049.35,2025-09-01,price_negative
C233,I992870,545,8.134034357E7,121128.26,,missing_sale_date
C233,I992890,1738,2.0240434842E8,73138.53,,missing_sale_date
C229,I992901,913,2.44014264E7,-52920.83,2025-09-10,price_negative
C238,I992906,356,2.904268754E7,144246.89,,missing_sale_date
C209,I992913,1690,4.959569939E7,-71010.24,2025-09-16,price_negative
C203,I992935,807,4.771533198E7,-50464.58,2025-10-22,price_negative
C208,I992964,1608,1.8280600033E8,-90426.4,2025-10-19,price_negative
C221,I992966,2981,3.708924943E8,-47875.33,2025-10-26,price_negative
C227,I992984,1282,3.27489334E7,126561.55,,missing_sale_date
C229,I992992,147,1.286562981E7,4370.31,,missing_sale_date
,I993043,1240,9.189823783E7,9047.22,2025-10-09,missing_seller_id
,I993053,405,2.244103021E7,65113.53,2025-10-13,missing_seller_id
C232,I993060,667,9.055247776E7,28477.95,,missing_sale_date
C243,I993064,825,3.598744574E7,-124960.72,2025-10-04,price_negative
C204,I993088,567,3.721074575E7,-36588.19,2025-10-21,price_negative
C214,I993113,489,6.463030223E7,98635.92,,missing_sale_date
,I993148,2871,1.7089914918E8,37766.08,2025-10-16,missing_seller_id
,I993172,124,9161965.51,66577.66,2025-09-21,missing_seller_id
C238,I993177,1100,1.1939860108E8,54733.54,,missing_sale_date
,I993185,2007,1.609314936E7,68033.53,2025-10-11,missing_seller_id
C213,I993275,2608,1.4119456628E8,-63965.05,2025-10-12,price_negative
C212,I993299,2670,1.995256811E8,80204.6,,missing_sale_date
C230,I993334,916,6.189262992E7,72890.73,,missing_sale_date
,I993344,653,0.0,91781.07,2025-09-27,missing_seller_id
,I993367,351,3.790473909E7,96580.87,2025-09-06,missing_seller_id
C224,I993388,592,2.85868566E7,-10233.88,2025-09-02,price_negative
C249,I993420,298,1.415377216E7,-119238.97,2025-10-20,price_negative
,I993515,761,1.1354139866E8,99769.61,2025-10-07,missing_seller_id
,I993546,833,6.20164652E7,26053.41,2025-09-10,missing_seller_id
,I993564,1958,1.5808881686E8,102955.74,2025-09-08,missing_seller_id
,I993567,2402,2.2964014131E8,34073.85,2025-09-02,missing_seller_id
C217,I993613,1691,7.970851638E7,93764.72,,missing_sale_date
C205,I993620,1655,1.3189292595E8,90453.13,,missing_sale_date
C220,I993629,2849,1.282758828E8,62504.63,,missing_sale_date
C205,I993633,1775,2.563418627E7,124248.29,,missing_sale_date
,I993649,905,1.3481414791E8,31847.28,2025-10-06,missing_seller_id
,I993697,757,3.565277968E7,129643.13,2025-10-22,missing_seller_id
,I993701,2183,2.334020496E8,56591.9,2025-10-14,missing_seller_id
C206,I993773,2973,4.4294308775E8,64054.03,,missing_sale_date
C239,I993799,2522,2.8496288241E8,28080.19,,missing_sale_date
,I993850,2196,0.0,69228.24,2025-10-31,missing_seller_id
,I993916,1780,2.1044986467E8,84508.06,2025-10-02,missing_seller_id
,I993929,1752,6.768374739E7,102875.55,2025-09-11,missing_seller_id
,I993959,0,3904359.39,67023.25,2025-10-05,missing_seller_id
C205,I993971,0,6.59683758E7,-101440.85,2025-10-10,price_negative
,I993986,133,683790.06,124653.93,2025-10-22,missing_seller_id
,I993993,2890,1.0385840207E8,114633.87,2025-10-24,missing_seller_id
C214,I993998,564,1.160092342E7,-14865.58,2025-10-26,price_negative
,I994014,1357,1.8963367232E8,126828.69,2025-10-14,missing_seller_id
C202,I994040,516,5.694868753E7,13640.56,,missing_sale_date
C217,I994051,2142,1.847854208E8,-4012.4,2025-10-21,price_negative
,I994058,1264,1.7309866994E8,67915.03,2025-09-17,missing_seller_id
C230,I994125,2942,1.4109886654E8,11997.08,,missing_sale_date
,I994126,513,5.076209241E7,116803.93,2025-10-22,missing_seller_id
C216,I994130,1035,4.864533597E7,-18046.33,2025-10-21,price_negative
C211,I994165,1128,1.1069567748E8,72620.22,,missing_sale_date
C207,I994172,2690,1.6086876368E8,71315.34,,missing_sale_date
,I994175,801,2.945798249E7,104724.11,2025-10-18,missing_seller_id
C208,I994180,419,4.742201545E7,3631.48,,missing_sale_date
C236,I994184,649,1.932459559E7,-59101.88,2025-10-22,price_negative
,I994194,2286,1.3517332842E8,123886.17,2025-10-06,missing_seller_id
,I994207,2822,2.8448764231E8,104105.24,2025-10-04,missing_seller_id
C215,I994220,2133,1.3111857123E8,-55616.76,2025-09-19,price_negative
C245,I994225,1001,1.2761727569E8,-23718.41,2025-09-30,price_negative
C233,I994242,2327,2.0861158619E8,-60630.35,2025-09-28,price_negative
C229,I994263,2514,3.1443665157E8,24268.86,,missing_sale_date
C213,I994315,443,1.607675197E7,11635.83,,missing_sale_date
C210,I994332,406,0.0,69726.43,,missing_sale_date
C206,I994355,438,9837593.93,52900.63,,missing_sale_date
C221,I994398,335,2.983938392E7,18318.69,,missing_sale_date
,I994403,2783,1.0173635825E8,77801.74,2025-09-17,missing_seller_id
C250,I994414,210,1.76122527E7,43875.04,,missing_sale_date
,I994433,1194,1.5721159802E8,97067.66,2025-09-14,missing_seller_id
C214,I994464,497,2.270116597E7,-57904.27,2025-09-03,price_negative
C212,I994485,1747,2.1482317301E8,-19274.28,2025-09-13,price_negative
C209,I994509,1030,1.2238132611E8,-18202.6,2025-10-08,price_negative
,I994514,2403,1.859981928E8,140180.54,2025-09-22,missing_seller_id
,I994523,2094,1.6655284288E8,1947.35,2025-10-12,missing_seller_id
C202,I994535,587,3.740026937E7,-92430.49,2025-09-18,price_negative
C203,I994556,2266,5.707996661E7,11419.97,,missing_sale_date
,I994557,769,1.1220985983E8,139492.43,2025-09-10,missing_seller_id
C205,I994585,0,1.8055188618E8,-26632.89,2025-09-17,price_negative
C209,I994618,348,2.934665601E7,74455.37,,missing_sale_date
,I994621,1507,2.406164544E7,85563.65,2025-09-25,missing_seller_id
,I994690,2836,1.0396429715E8,141361.14,2025-10-01,missing_seller_id
,I994759,358,2.528576282E7,115837.79,2025-10-25,missing_seller_id
C227,I994775,2388,1.877336007E7,-62556.6,2025-10-26,price_negative
C204,I994820,2303,9.215625921E7,122665.41,,missing_sale_date
C246,I994837,2265,6.483818623E7,-61061.51,2025-10-17,price_negative
C227,I994863,1795,1.6661817831E8,-15627.95,2025-09-27,price_negative
,I994896,137,6302225.29,116739.07,2025-10-31,missing_seller_id
C237,I994929,898,1.494319248E7,-110182.43,2025-09-24,price_negative
C226,I994942,1367,1.0591895018E8,-67314.49,2025-09-03,price_negative
C221,I994943,1694,1.6838271484E8,46496.76,,missing_sale_date
C231,I994967,2085,6.406215053E7,110510.55,,missing_sale_date
,I994992,401,0.0,41380.01,2025-10-08,missing_seller_id
C250,I994998,953,1.1093237265E8,22607.16,,missing_sale_date
C247,I995028,561,4.503919024E7,-33575.51,2025-09-27,price_negative
,I995058,688,7.404798641E7,31204.73,2025-10-02,missing_seller_id
C219,I995086,138,8460131.88,9021.07,,missing_sale_date
C228,I995096,473,1.034392665E7,-73256.23,2025-10-20,price_negative
,I995108,928,1.3912559758E8,100924.64,2025-09-02,missing_seller_id
,I995119,1222,2.948653241E7,141193.3,2025-10-09,missing_seller_id
C221,I995128,549,2.521250266E7,-90744.74,2025-09-09,price_negative
C218,I995131,1681,7390558.65,141122.85,,missing_sale_date
C207,I995132,1608,1.3636819855E8,-40989.0,2025-10-25,price_negative
,I995147,1712,2.538248399E8,20745.76,2025-10-19,missing_seller_id
,I995156,883,6112913.5,-11448.19,2025-09-24,"missing_seller_id,price_negative"
C232,I995167,2838,6.285812362E7,23526.37,,missing_sale_date
C227,I995181,0,6.020222847E7,101955.45,,missing_sale_date
C222,I995192,875,9.536012555E7,-141107.68,2025-10-14,price_negative
,I995203,1895,1.8839964224E8,59409.21,2025-09-13,missing_seller_id
C222,I995252,1827,6.72100514E7,20245.37,,missing_sale_date
C245,I995254,1794,2.3621825434E8,-85102.39,2025-09-27,price_negative
,I995330,846,1.1025103074E8,117763.1,2025-10-26,missing_seller_id
C234,I995335,1759,1.7286099096E8,58735.52,,missing_sale_date
C228,I995343,1820,2.6257342208E8,-27142.73,2025-10-08,price_negative
C233,I995347,2220,3.3240827637E8,-16216.22,2025-10-19,price_negative
C220,I995394,2769,3.6057761321E8,51024.56,,missing_sale_date
C203,I995397,1760,1.333760722E8,-18507.07,2025-10-31,price_negative
C233,I995424,1524,1.9778096029E8,-134390.8,2025-10-02,price_negative
,I995456,399,4.334115884E7,35756.71,2025-10-22,missing_seller_id
C250,I995494,174,1.476488331E7,-113837.91,2025-09-09,price_negative
C216,I995505,445,4886055.84,-17562.55,2025-09-22,price_negative
C242,I995507,1857,1.6224625463E8,-97923.09,2025-09-09,price_negative
C203,I995543,2181,1.3567432188E8,101704.1,,missing_sale_date
C230,I995554,1147,1.094229121E8,-86447.21,2025-10-15,price_negative
C220,I995567,1982,3.576483305E7,75977.56,,missing_sale_date
C227,I995581,172,1.247483739E7,69102.97,,missing_sale_date
,I995623,2391,3.3755838855E8,18781.98,2025-10-15,missing_seller_id
C214,I995638,2642,1.2039631781E8,-125562.49,2025-10-14,price_negative
C206,I995642,2768,2.6581175689E8,-136544.44,2025-09-10,price_negative
C201,I995657,431,4.320903691E7,-104309.99,2025-09-14,price_negative
,I995661,2173,2.3021816108E8,124877.54,2025-09-06,missing_seller_id
C224,I995666,2860,1.8726108146E8,-102335.64,2025-10-08,price_negative
C249,I995709,1391,4.520238339E7,104946.89,,missing_sale_date
C207,I995711,1530,1.5886480477E8,75922.73,,missing_sale_date
,I995751,2576,0.0,126173.77,2025-09-23,missing_seller_id
,I995763,1650,7.645456362E7,29747.0,2025-09-16,missing_seller_id
C238,I995775,2724,1.2249384967E8,-40007.55,2025-09-26,price_negative
,I995818,1404,1.0896985653E8,46452.62,2025-10-22,missing_seller_id
C209,I995834,1648,5.881628443E7,123646.41,,missing_sale_date
,I995854,1002,7.067775811E7,81328.23,2025-10-27,missing_seller_id
C215,I995859,1048,3.616380739E7,-9487.3,2025-09-11,price_negative
,I995866,1306,5.157396166E7,17427.87,2025-09-26,missing_seller_id
,I995872,407,5.899825373E7,99837.01,2025-10-24,missing_seller_id
C211,I995898,1182,3.8344501E7,-41502.6,2025-09-03,price_negative
C222,I995907,827,2.358481238E7,83828.5,,missing_sale_date
C238,I995922,2327,2.9141298427E8,-58963.31,2025-10-27,price_negative
C240,I995923,2561,3.329629819E7,-130430.11,2025-10-31,price_negative
C231,I995956,2002,9.337652447E7,122465.63,,missing_sale_date
C224,I995961,1783,1.839456924E7,23443.37,,missing_sale_date
C227,I995964,1323,1.1493886704E8,94022.41,,missing_sale_date
C203,I995970,2947,4.323991871E8,113219.86,,missing_sale_date
,I995988,500,6403197.66,30953.06,2025-10-09,missing_seller_id
,I995995,1174,1.0826274337E8,137389.32,2025-10-26,missing_seller_id
C211,I995997,1299,1.3899743533E8,91410.47,,missing_sale_date
C225,I996016,2375,1.9217226969E8,98204.97,,missing_sale_date
C250,I996017,1756,1.249130916E7,52124.91,,missing_sale_date
C227,I996032,437,6.35290289E7,-110706.31,2025-10-06,price_negative
C239,I996048,112,8114435.92,-18969.31,2025-09-29,price_negative
,I996071,2065,2.6964836641E8,6589.17,2025-10-24,missing_seller_id
,I996098,1747,2.2904063655E8,22004.86,2025-09-05,missing_seller_id
,I996116,2668,3.1033832853E8,74070.19,2025-10-29,missing_seller_id
,I996140,1526,1.1259123027E8,100947.63,2025-10-14,missing_seller_id
C206,I996154,1977,9405539.36,34028.01,,missing_sale_date
C202,I996198,1123,1.2991191799E8,-121453.84,2025-10-15,price_negative
C211,I996210,1023,2.941816717E7,-34374.86,2025-10-05,price_negative
C248,I996216,1847,2.7349334618E8,21002.18,,missing_sale_date
,I996217,911,1.0291026072E8,102646.68,2025-09-17,missing_seller_id
C213,I996225,1332,1.391838178E8,2497.81,,missing_sale_date
C218,I996258,2983,3.5723671476E8,58549.31,,missing_sale_date
C225,I996259,1393,2.662030946E7,-38628.29,2025-10-23,price_negative
C221,I996285,2489,2.115458377E8,-24652.05,2025-10-11,price_negative
C221,I996298,873,8.301613348E7,-94575.65,2025-10-09,price_negative
C226,I996331,1672,6.586749338E7,-112446.58,2025-10-29,price_negative
C209,I996334,541,1.511248069E7,-54097.81,2025-09-03,price_negative
C240,I996341,994,1.2698753558E8,146718.34,,missing_sale_date
C206,I996347,2350,3.5019645104E8,32951.64,,missing_sale_date
C245,I996369,695,1.0325465907E8,-75191.57,2025-10-10,price_negative
C248,I996399,148,1.300573796E7,-50789.35,2025-10-02,price_negative
C230,I996420,1736,8.118937808E7,-145059.65,2025-10-19,price_negative
C212,I996424,1076,7.783361803E7,-96107.78,2025-10-08,price_negative
C248,I996425,2975,2.909446198E7,-133487.44,2025-09-08,price_negative
,I996441,1415,1.5369591973E8,137879.26,2025-10-20,missing_seller_id
C203,I996491,1257,2.941947459E7,-78751.44,2025-09-01,price_negative
,I996499,381,2.587448899E7,9693.15,2025-10-25,missing_seller_id
,I996504,2308,2.5253730687E8,91772.32,2025-10-03,missing_seller_id
C250,I996530,746,5.364845728E7,103072.18,,missing_sale_date
,I996556,2132,6.713406982E7,38055.34,2025-10-25,missing_seller_id
C213,I996558,1620,3.046053575E7,28303.43,,missing_sale_date
,I996560,1118,1.535175464E7,-116664.57,2025-10-14,"missing_seller_id,price_negative"
C235,I996586,1896,2.416530832E8,-42371.13,,"price_negative,missing_sale_date"
,I996593,1310,6469946.55,4101.93,2025-10-13,missing_seller_id
,I996612,2334,6.101372227E7,32049.92,2025-09-17,missing_seller_id
C238,I996650,810,5.844701694E7,149527.51,,missing_sale_date
C238,I996665,1239,1.818792228E8,24577.42,,missing_sale_date
C249,I996677,813,9.509982848E7,149150.79,,missing_sale_date
C204,I996686,2148,1705886.44,28462.92,,missing_sale_date
,I996722,281,3.852669579E7,68225.79,2025-10-17,missing_seller_id
C246,I996727,209,8775068.76,-38975.97,2025-09-24,price_negative
,I996760,1012,3.863333902E7,99830.38,2025-10-15,missing_seller_id
C240,I996762,2296,2.3399086152E8,-10999.71,2025-09-10,price_negative
C230,I996769,1770,1.3614148946E8,-80925.07,2025-10-27,price_negative
C249,I996784,2240,2.6814412603E8,97755.59,,missing_sale_date
C208,I996796,1550,7.071964807E7,-146887.66,2025-10-26,price_negative
C243,I996825,1063,1.78155993E7,-10448.34,2025-10-09,price_negative
C244,I996826,358,2.968287771E7,127866.34,,missing_sale_date
C249,I996844,824,9.0265791E7,-79489.53,2025-09-05,price_negative
,I996855,1824,1.6824006938E8,46179.14,2025-10-09,missing_seller_id
,I996892,1247,2.047643768E7,16652.95,2025-09-04,missing_seller_id
,I996906,833,3.463969389E7,119209.1,2025-10-16,missing_seller_id
C248,I996956,1564,1.9559001658E8,25999.18,,missing_sale_date
C215,I996968,2447,3.4553832423E8,-113262.46,2025-10-17,price_negative
,I996970,1059,7.513706269E7,75445.27,2025-09-29,missing_seller_id
C231,I996985,1367,1.1948305934E8,-24301.88,2025-10-17,price_negative
,I997010,2698,1.2539437001E8,83332.84,2025-09-08,missing_seller_id
,I997029,788,3.799652234E7,81450.38,2025-10-10,missing_seller_id
C232,I997051,330,4.036300443E7,-22864.53,2025-09-19,price_negative
C248,I997055,1714,2.078916466E8,-147192.5,2025-09-27,price_negative
,I997100,1470,1.7331205151E8,9083.76,2025-10-29,missing_seller_id
C233,I997113,1283,1.3528693205E8,-81144.96,2025-10-24,price_negative
C248,I997131,1217,1.2359192396E8,142497.08,,missing_sale_date
,I997133,0,3.614095063E7,50192.53,2025-10-31,missing_seller_id
C242,I997139,963,2.652274422E7,-34266.86,2025-09-03,price_negative
C232,I997143,2110,0.0,-134166.8,2025-09-29,price_negative
C209,I997146,676,8319237.35,146592.33,,missing_sale_date
,I997163,306,2.901038788E7,3140.6,2025-09-29,missing_seller_id
C203,I997198,645,6.026132349E7,58037.52,,missing_sale_date
C223,I997199,2684,3.3680980469E8,-112508.5,2025-10-08,price_negative
C208,I997208,1842,7.062925172E7,122199.14,,missing_sale_date
,I997212,1925,1.2657605965E8,149228.76,2025-10-13,missing_seller_id
,I997224,1770,1.349020183E7,61607.82,2025-09-02,missing_seller_id
,I997232,893,1.2506006939E8,100391.82,2025-09-20,missing_seller_id
C217,I997237,409,5.115225878E7,-117848.98,2025-10-23,price_negative
C239,I997238,2395,2.0281208771E8,-135687.61,2025-10-09,price_negative
,I997252,2082,5.282139234E7,144489.08,2025-09-21,missing_seller_id
C238,I997275,2375,3.2451083093E8,62435.94,,missing_sale_date
C227,I997287,699,7893890.45,132988.71,,missing_sale_date
C236,I997295,767,2.108369169E7,2360.81,,missing_sale_date
C209,I997319,1054,2.333450974E7,-43844.04,2025-10-17,price_negative
C215,I997338,290,4.087643353E7,131819.81,,missing_sale_date
C242,I997345,252,1.444002185E7,-60651.52,2025-09-29,price_negative
,I997360,2483,2.7510718862E8,41829.0,2025-10-27,missing_seller_id
C224,I997466,1769,2.35483716E8,28702.55,,missing_sale_date
C205,I997523,191,2.529619356E7,80274.06,,missing_sale_date
,I997528,132,1.481868431E7,75732.97,2025-09-07,missing_seller_id
,I997532,2154,3.1064132506E8,-146937.95,2025-09-11,"missing_seller_id,price_negative"
C217,I997593,2926,1.8629721255E8,35207.78,,missing_sale_date
,I997619,288,3.699048811E7,135374.58,2025-10-10,missing_seller_id
C223,I997691,2528,2.6757443361E8,3196.3,,missing_sale_date
C242,I997715,2512,1.4672702333E8,69086.33,,missing_sale_date
C248,I997745,1827,2.4889710538E8,-37945.64,2025-10-31,price_negative
,I997779,935,8.695674347E7,108899.36,2025-09-23,missing_seller_id
C236,I997790,2014,2.6195749247E8,105993.13,,missing_sale_date
C210,I997812,2606,8.812646008E7,145862.96,,missing_sale_date
,I997818,977,1.2511293511E8,110943.85,2025-10-11,missing_seller_id
C245,I997825,1067,1.2215274718E8,-46254.02,2025-09-28,price_negative
C217,I997853,2289,1.8353398014E8,93445.41,,missing_sale_date
C243,I997856,1783,1.8675764198E8,76013.04,,missing_sale_date
C202,I997861,507,6.411071076E7,-111530.28,2025-09-24,price_negative
,I997866,1902,2.835690282E7,55650.66,2025-09-09,missing_seller_id
,I997889,2839,2.9583809365E8,28765.74,2025-10-18,missing_seller_id
C233,I997908,1978,1.4794679588E8,-23433.9,2025-10-28,price_negative
,I997921,2318,6.613244404E7,53706.03,2025-09-01,missing_seller_id
C201,I997922,2860,3.0306069687E8,106767.9,,missing_sale_date
,I997934,498,1.477391679E7,138272.88,2025-09-06,missing_seller_id
,I997942,788,5625680.21,8954.8,2025-09-11,missing_seller_id
,I997957,2138,6.819200572E7,23352.86,2025-09-17,missing_seller_id
,I997967,880,9.725255305E7,60097.68,2025-09-07,missing_seller_id
C231,I997974,1077,4.537142389E7,135942.96,,missing_sale_date
C244,I997975,2944,1.3401250906E8,96509.02,,missing_sale_date
C224,I997991,516,1.151348278E7,27065.89,,missing_sale_date
C216,I998023,920,6.806772708E7,-50207.01,2025-09-06,price_negative
C207,I998034,1754,2.696562962E7,98319.95,,missing_sale_date
,I998065,2074,3.0961250555E8,38173.35,2025-10-01,missing_seller_id
C221,I998070,2727,2.0850817471E8,-54181.31,2025-09-09,price_negative
C235,I998130,2672,4.096190603E7,22657.7,,missing_sale_date
C205,I998143,261,3532413.47,-58190.61,2025-09-03,price_negative
,I998147,1423,1.386902296E8,131364.83,,"missing_seller_id,missing_sale_date"
C238,I998172,140,1273176.99,144494.19,,missing_sale_date
,I998186,396,3.031197054E7,110265.77,2025-09-06,missing_seller_id
,I998187,0,2.131401469E7,137391.94,,"missing_seller_id,missing_sale_date"
C209,I998196,2579,3.323278764E8,61862.1,,missing_sale_date
C242,I998224,2423,2.6356982111E8,-5588.43,,"price_negative,missing_sale_date"
C222,I998247,0,1.7660367949E8,-78679.47,2025-09-22,price_negative
,I998248,2361,1.3144389545E8,63932.5,2025-09-28,missing_seller_id
C230,I998253,1163,1.328346324E7,42013.03,,missing_sale_date
C248,I998259,1860,0.0,-31713.54,2025-09-25,price_negative
C246,I998269,446,2.335359242E7,-10209.23,2025-09-14,price_negative
C241,I998278,818,8.063866058E7,-54196.05,2025-10-30,price_negative
C241,I998290,1455,1.3856507534E8,-80320.95,2025-10-18,price_negative
C215,I998292,0,1.7172609891E8,146097.11,,missing_sale_date
C214,I998293,1748,1.8563706666E8,-76448.33,2025-09-18,price_negative
C208,I998315,269,9083579.36,-146079.43,2025-09-24,price_negative
C219,I998318,1012,6.932069227E7,-133168.41,2025-10-24,price_negative
C245,I998352,1522,7560946.47,129403.05,,missing_sale_date
C204,I998359,2782,1.5756293191E8,-84757.23,2025-09-09,price_negative
C224,I998376,1496,2.1046066382E8,-59752.16,2025-10-18,price_negative
,I998405,1582,4.516147691E7,65311.38,2025-10-27,missing_seller_id
C236,I998406,357,4367796.6,82719.15,,missing_sale_date
C220,I998408,2831,9.055261232E7,-66062.41,2025-09-22,price_negative
,I998491,970,1.3020031776E8,99952.43,2025-10-30,missing_seller_id
C229,I998494,2508,1.1599141282E8,87822.18,,missing_sale_date
,I998531,475,4433309.57,39387.71,2025-10-04,missing_seller_id
C216,I998551,2500,5.643086671E7,-27012.07,2025-09-03,price_negative
C202,I998564,2110,1.2500853373E8,-7283.08,2025-09-06,price_negative
C205,I998601,1269,2.396420935E7,-46327.15,2025-09-22,price_negative
C221,I998677,1362,1.4364538224E8,-60454.26,2025-09-19,price_negative
C217,I998693,1571,2.330223126E8,-101660.34,2025-10-18,price_negative
C249,I998731,785,9.934878714E7,-81915.1,2025-10-06,price_negative
C243,I998758,2713,1.6726310204E8,72999.86,,missing_sale_date
,I998771,2514,2.7907793448E8,128009.03,2025-09-02,missing_seller_id
C224,I998789,1274,1.4610191592E8,125570.78,,missing_sale_date
C207,I998809,2838,2.7297333917E8,-34136.53,2025-10-25,price_negative
C228,I998812,1221,4.295246262E7,92471.42,,missing_sale_date
C242,I998815,2294,1.4353458586E8,-119556.4,2025-09-14,price_negative
C250,I998834,2289,1.2804717729E8,-27405.1,2025-09-13,price_negative
C244,I998835,1991,1.4079854099E8,65902.73,,missing_sale_date
,I998839,2659,1.0879086554E8,22039.14,2025-09-10,missing_seller_id
C216,I998846,2867,1.9055249165E8,-34959.72,2025-10-29,price_negative
,I998849,525,6.985512985E7,53345.86,2025-09-28,missing_seller_id
,I998852,1258,1.885040774E7,73589.42,2025-09-11,missing_seller_id
C210,I998859,995,2.72429809E7,-69734.06,2025-09-24,price_negative
,I998868,2298,7.401889772E7,23263.33,2025-09-09,missing_seller_id
C240,I998884,1054,0.0,68015.53,,missing_sale_date
C217,I998894,2093,2.4086136653E8,126086.8,,missing_sale_date
,I998907,0,2.9064282702E8,33205.38,2025-10-02,missing_seller_id
C218,I998917,2817,1.787342247E7,26037.46,,missing_sale_date
C238,I998956,1375,9.908595714E7,-127569.64,2025-09-26,price_negative
C204,I998977,2909,2.151696986E8,72549.76,,missing_sale_date
C224,I998986,2653,2.4134788683E8,142332.74,,missing_sale_date
C213,I998991,1023,1.076314703E7,97446.74,,missing_sale_date
C203,I999006,691,5670379.57,43664.14,,missing_sale_date
,I999046,1082,4.263195655E7,120549.58,2025-10-09,missing_seller_id
C205,I999075,1205,1.276565874E8,-128782.22,2025-09-22,price_negative
,I999120,2208,0.0,148018.67,2025-09-11,missing_seller_id
,I999123,2958,2.5298203621E8,50153.42,2025-10-23,missing_seller_id
C223,I999184,1964,2.1094132357E8,-20592.33,2025-09-18,price_negative
,I999218,1752,1.2626197037E8,77285.07,2025-09-03,missing_seller_id
,I999227,794,8999880.39,102238.95,2025-09-26,missing_seller_id
C230,I999230,2503,3.665003744E8,-126703.93,2025-09-04,price_negative
C208,I999295,201,1.922818123E7,-136096.47,2025-10-08,price_negative
C209,I999301,2988,2.2530187371E8,139940.96,,missing_sale_date
C240,I999326,1657,2.0068942911E8,41342.56,,missing_sale_date
C244,I999358,869,4.17028333E7,21014.5,,missing_sale_date
C237,I999370,2834,3.5396791245E8,103392.79,,missing_sale_date
C241,I999377,1983,1.3554362207E8,58148.34,,missing_sale_date
C238,I999378,1920,1.2380460417E8,-56014.03,2025-09-29,price_negative
C212,I999384,1603,1.9088078049E8,-12515.44,2025-09-07,price_negative
,I999405,1987,9.723690183E7,60424.02,,"missing_seller_id,missing_sale_date"
C236,I999442,2999,2.1607282545E8,115929.67,,missing_sale_date
C249,I999446,1033,1.064333227E7,-124246.38,2025-10-12,price_negative
C218,I999463,418,5.577496792E7,-17226.32,2025-09-12,price_negative
C205,I999518,2209,2.5093286325E8,-66044.71,2025-10-04,price_negative
,I999545,2828,1.988218123E7,101057.94,2025-09-05,missing_seller_id
C201,I999596,556,3.440211701E7,-67684.83,2025-10-22,price_negative
C212,I999610,2343,2.2368619218E8,147765.7,,missing_sale_date
C250,I999612,1371,1.8209080563E8,-13168.5,2025-09-11,price_negative
C205,I999666,2649,1.6387349728E8,21442.18,,missing_sale_date
C240,I999681,483,1216976.69,-38668.26,2025-09-24,price_negative
C247,I999696,1605,2.2346369005E8,-84447.74,2025-10-26,price_negative
C216,I999708,111,7508689.56,-14140.73,2025-09-12,price_negative
,I999709,1329,1.9737485123E8,1349.48,2025-10-01,missing_seller_id
,I999715,708,8.820996786E7,6756.91,2025-09-12,missing_seller_id
C233,I999744,984,5.263110539E7,77463.75,,missing_sale_date
C245,I999789,624,1.913291094E7,26867.07,,missing_sale_date
,I999791,1864,2.3387569489E8,127210.32,2025-10-10,missing_seller_id
,I999811,2691,3.4108377892E8,-64244.17,2025-09-19,"missing_seller_id,price_negative"
,I999827,485,5.150726949E7,105862.54,2025-10-06,missing_seller_id
,I999849,2994,3.0007227755E8,83418.1,2025-09-26,missing_seller_id
,I999867,2148,1.5460825969E8,104395.79,2025-10-16,missing_seller_id
,I999873,864,9.56558798E7,90131.25,2025-10-03,missing_seller_id
,I999879,2223,8272665.77,126174.28,2025-10-28,missing_seller_id
C227,I999906,2812,1.6273332338E8,132255.72,,missing_sale_date
C243,I999909,772,8.12524285E7,-68603.55,2025-09-15,price_negative
C204,I999962,1230,1.3165763404E8,35217.35,,missing_sale_date
,I1000006,2721,2.9224699331E8,26746.51,2025-10-01,missing_seller_id
,I1000013,1197,1.4553580567E8,128145.45,2025-10-25,missing_seller_id
,I1000053,1159,1.6422186429E8,8180.67,2025-09-23,missing_seller_id
C231,I1000067,453,5.634496428E7,-22620.06,2025-09-21,price_negative
C214,I1000071,2054,1.876448177E7,-85273.84,2025-10-02,price_negative
C237,I1000076,1236,7.983573083E7,133156.28,,missing_sale_date
C216,I1000083,0,5.138122668E7,-141791.02,2025-10-29,price_negative
C247,I1000101,1480,1.8781945882E8,-115049.37,2025-09-26,price_negative
C225,I1000102,674,1.700617418E7,-25570.61,2025-09-24,price_negative
,I1000117,476,6.69642689E7,61787.24,2025-10-19,missing_seller_id
C223,I1000122,413,5.939978704E7,41757.1,,missing_sale_date
C207,I1000145,2683,1.1950814175E8,102509.09,,missing_sale_date
,I1000175,898,5.153450306E7,149539.36,2025-10-24,missing_seller_id
C226,I1000199,1890,3.301709328E7,81150.83,,missing_sale_date
C249,I1000243,2356,1.1578743542E8,121656.99,,missing_sale_date
C214,I1000277,2538,3.0516369308E8,-144935.2,2025-09-22,price_negative
C213,I1000279,1614,1.2555463379E8,-59785.91,2025-09-22,price_negative
C217,I1000342,216,2.83095631E7,55462.69,,missing_sale_date
C205,I1000351,2847,4.752664851E7,33684.08,,missing_sale_date
C242,I1000364,505,6.792364903E7,114664.35,,missing_sale_date
C226,I1000370,2953,2.590117751E7,-137509.89,2025-09-20,price_negative
,I1000375,1235,2.56539695E7,17913.5,2025-10-02,missing_seller_id
C208,I1000465,821,4.960106923E7,-80419.04,2025-09-04,price_negative
C234,I1000472,1828,1.5673346366E8,88911.69,,missing_sale_date
C247,I1000526,1076,1.5282045722E8,61866.87,,missing_sale_date
C207,I1000536,2088,3.585269449E7,102622.41,,missing_sale_date
C223,I1000557,2713,1.7234040498E8,-86945.37,2025-10-16,price_negative
C204,I1000584,2838,4.266369414E7,38637.57,,missing_sale_date
C209,I1000608,2805,1.6658532589E8,64111.73,,missing_sale_date
C204,I1000615,255,3.762249332E7,-47104.54,2025-09-09,price_negative
,I1000650,0,1.698181654E8,53846.44,2025-09-17,missing_seller_id
C213,I1000654,2337,1.4993294216E8,-42941.64,2025-10-31,price_negative
C244,I1000673,812,3.059471349E7,-53643.6,2025-10-01,price_negative
,I1000675,1929,2.5224497271E8,30771.18,2025-10-02,missing_seller_id
C250,I1000738,1371,1.6531717939E8,-65550.99,2025-10-10,price_negative
,I1000786,1819,3.004684537E7,51657.4,2025-10-23,missing_seller_id
C228,I1000788,557,7.891898774E7,-71960.13,2025-10-11,price_negative
C215,I1000797,770,2.268730976E7,134613.91,,missing_sale_date
C229,I1000819,2924,3.9825398798E8,-60495.41,2025-09-17,price_negative
,I1000832,1511,1.9317228634E8,14425.24,2025-09-01,missing_seller_id
C230,I1000840,1138,1.3470384118E8,61929.45,,missing_sale_date
,I1000843,2143,1.7012716164E8,76004.0,2025-09-30,missing_seller_id
,I1000879,2304,2.4826135558E8,24546.16,2025-10-18,missing_seller_id
,I1000880,104,1.168518487E7,37303.84,2025-09-27,missing_seller_id
,I1000881,2649,3.498085164E8,82329.85,2025-09-05,missing_seller_id
,I1000887,2471,2.0819532546E8,68001.29,2025-09-03,missing_seller_id
C210,I1000903,1593,2.52160546E7,-39137.8,2025-10-21,price_negative
,I1000928,1745,4.430509344E7,57445.71,2025-09-19,missing_seller_id
,I1000933,0,1.885274402E8,107836.33,2025-10-17,missing_seller_id
C219,I1000940,1225,1.250563354E7,-94285.03,2025-09-19,price_negative
C215,I1000961,2362,2.5839747926E8,-97211.74,2025-09-01,price_negative
C226,I1000978,638,3.967126537E7,-7224.42,2025-09-27,price_negative
,I1000983,1277,6.051089607E7,38339.6,2025-10-08,missing_seller_id
C221,I1001000,690,8.32142781E7,98774.93,,missing_sale_date
C219,I1001043,2639,2.0914253182E8,-51808.75,2025-10-09,price_negative
C243,I1001098,556,7.003407667E7,87349.84,,missing_sale_date
C211,I1001149,2171,2.1563092584E8,101265.63,,missing_sale_date
C250,I1001155,2389,1.1354719296E8,-52399.58,2025-10-03,price_negative
,I1001188,2393,2.4009458704E8,18221.27,2025-09-24,missing_seller_id
C229,I1001213,420,3.71501095E7,52580.86,,missing_sale_date
C235,I1001243,1396,8.87775799E7,107545.01,,missing_sale_date
C241,I1001258,547,7.592841949E7,-148906.2,2025-09-02,price_negative
C243,I1001265,2310,3.3877704126E8,-83843.99,2025-09-10,price_negative
C206,I1001289,1274,7.955658258E7,-91810.28,2025-10-29,price_negative
,I1001363,1238,7.616219339E7,148762.67,2025-09-17,missing_seller_id
C238,I1001365,2589,0.0,-112312.85,2025-10-07,price_negative
,I1001376,2133,2.6429968389E8,40070.74,2025-10-10,missing_seller_id
,I1001383,2077,9.444417186E7,69352.62,2025-09-23,missing_seller_id
C245,I1001412,297,1.336940526E7,-50547.79,2025-09-16,price_negative
C224,I1001455,2652,2.4278202084E8,-126567.18,2025-09-07,price_negative
C239,I1001458,2171,2.6786589938E8,-7750.05,2025-09-30,price_negative
C224,I1001459,2616,9.978495796E7,-13790.53,2025-10-30,price_negative
,I1001460,2755,2.7265449103E8,134373.74,2025-09-12,missing_seller_id
C223,I1001467,1125,8.982573238E7,81876.28,,missing_sale_date
C234,I1001496,2411,1.259439923E8,116590.5,,missing_sale_date
,I1001522,762,5.926350783E7,105482.87,2025-10-18,missing_seller_id
C211,I1001544,2306,1.2765736638E8,15584.4,,missing_sale_date
C201,I1001555,1225,1.2405698426E8,-114050.57,2025-09-28,price_negative
C235,I1001571,1910,2.132240736E7,43921.16,,missing_sale_date
C203,I1001587,2264,2.6687525085E8,11614.57,,missing_sale_date
C210,I1001614,2338,1.3843129549E8,-73285.19,2025-10-21,price_negative
C222,I1001622,368,2.155804092E7,62567.45,,missing_sale_date
C214,I1001626,1937,1.7201842907E8,-66836.56,2025-10-16,price_negative
C209,I1001635,207,3.034493403E7,139085.36,,missing_sale_date
C249,I1001636,1994,1.1626279989E8,81238.07,,missing_sale_date
C248,I1001639,504,1.206088759E7,115567.07,,missing_sale_date
,I1001708,2740,2.7936425238E8,15704.0,2025-09-01,missing_seller_id
,I1001712,2637,3.1445995946E8,3487.96,2025-10-22,missing_seller_id
C232,I1001734,745,3.833493827E7,81990.23,,missing_sale_date
C242,I1001758,964,5.093155875E7,-130504.0,2025-10-22,price_negative
C204,I1001786,1373,5.277210725E7,-145063.17,2025-10-19,price_negative
,I1001808,2152,1.925078025E7,147160.04,2025-09-29,missing_seller_id
C229,I1001809,2663,1.123294099E8,15683.59,,missing_sale_date
,I1001828,143,2.010548706E7,142181.14,2025-10-14,missing_seller_id
C213,I1001829,2183,3.0917658677E8,-38938.75,2025-09-22,price_negative
C211,I1001842,2134,3.0865010519E8,74414.56,,missing_sale_date
C207,I1001843,1532,1.0603948091E8,93268.62,,missing_sale_date
C209,I1001851,2548,1.9082653927E8,145297.42,,missing_sale_date
C241,I1001861,1019,1.0080480817E8,14158.64,,missing_sale_date
C239,I1001862,345,5.09312014E7,-7024.84,2025-09-03,price_negative
C233,I1001892,238,1.42341896E7,-117723.54,2025-10-19,price_negative
,I1001902,1140,1.262799413E7,47545.52,2025-10-05,missing_seller_id
C236,I1001915,2439,1.1685652561E8,9245.07,,missing_sale_date
C216,I1001916,2064,2.0176634966E8,141515.32,,missing_sale_date
C238,I1001931,1323,1.862594809E8,120783.09,,missing_sale_date
C202,I1001936,302,5369268.68,-62936.7,2025-09-04,price_negative
C250,I1001960,280,3.737742042E7,117187.03,,missing_sale_date
C203,I1002021,1093,4.891814474E7,13489.16,,missing_sale_date
C216,I1002024,2459,9.073839086E7,147714.83,,missing_sale_date
C245,I1002026,850,7.038502209E7,-103578.46,2025-09-06,price_negative
,I1002048,1926,6.600202831E7,76976.23,2025-10-10,missing_seller_id
C238,I1002055,1729,1.958084455E8,63406.41,,missing_sale_date
C217,I1002087,667,7.973084668E7,-76263.5,2025-09-10,price_negative
,I1002116,228,2.92404985E7,109126.92,2025-10-09,missing_seller_id
,I1002135,129,7523828.53,128959.38,2025-10-28,missing_seller_id
,I1002136,1536,1.0928941545E8,125723.93,2025-10-02,missing_seller_id
C237,I1002146,410,2.220458465E7,41923.33,,missing_sale_date
C238,I1002151,1456,1.1644180787E8,26349.53,,missing_sale_date
C209,I1002158,2074,1.4704647116E8,79351.85,,missing_sale_date
C238,I1002173,157,2.255983025E7,-96678.77,2025-09-13,price_negative
,I1002185,1081,3.558179501E7,113098.1,2025-09-04,missing_seller_id
C228,I1002191,1971,1.6854405639E8,-131969.8,2025-10-30,price_negative
C216,I1002201,634,3.166132384E7,7198.18,,missing_sale_date
C228,I1002203,1132,1.0658170971E8,2136.09,,missing_sale_date
C241,I1002220,2653,3.8279337759E8,139876.82,,missing_sale_date
C241,I1002221,810,5.785504408E7,148670.99,,missing_sale_date
C207,I1002240,578,3.894405233E7,-16134.65,2025-09-23,price_negative
C201,I1002261,1972,5.445307338E7,-43627.09,2025-09-13,price_negative
C224,I1002288,1391,1.2117567003E8,-48824.88,2025-09-27,price_negative
C222,I1002313,2078,4.513758727E7,98847.2,,missing_sale_date
,I1002330,497,1.23846207E7,97809.92,2025-10-29,missing_seller_id
C242,I1002348,2168,8.490516909E7,100409.46,,missing_sale_date
C201,I1002366,0,1.8383185674E8,-56424.31,2025-10-20,price_negative
C209,I1002381,1649,1750346.34,78051.16,,missing_sale_date
,I1002406,1635,8.097766577E7,49815.53,2025-09-12,missing_seller_id
,I1002424,2790,1.3704554274E8,21417.39,2025-09-01,missing_seller_id
C225,I1002450,730,2.571966752E7,-144138.31,2025-10-29,price_negative
,I1002455,1907,2.5670459223E8,-116393.44,2025-10-13,"missing_seller_id,price_negative"
,I1002467,263,9394643.68,104404.34,2025-10-11,missing_seller_id
,I1002476,2234,2.4945062941E8,59243.09,2025-10-22,missing_seller_id
C218,I1002479,981,3.062344445E7,81497.41,,missing_sale_date
,I1002500,2506,3.2149090953E8,63642.04,2025-10-31,missing_seller_id
,I1002506,2853,2.1344753571E8,33598.88,2025-09-02,missing_seller_id
,I1002513,2842,6642239.52,85163.72,2025-09-24,missing_seller_id
C243,I1002529,759,1.732832228E7,-43023.34,2025-09-26,price_negative
,I1002543,2700,2.6069540297E8,115734.39,2025-09-05,missing_seller_id
,I1002552,2616,1.6051817274E8,105992.19,2025-10-11,missing_seller_id
C206,I1002562,1123,5.419740997E7,-61839.09,2025-09-09,price_negative
,I1002573,1242,3848492.58,75018.06,2025-10-11,missing_seller_id
C214,I1002586,1867,6.016713732E7,43302.61,,missing_sale_date
,I1002608,1637,2.807544704E7,88406.1,2025-09-04,missing_seller_id
,I1002638,1353,1.4444643082E8,124869.73,2025-10-13,missing_seller_id
C240,I1002664,1572,2.287825356E7,-108188.87,2025-09-10,price_negative
C249,I1002686,2642,2.494898881E7,-22412.28,2025-10-17,price_negative
C211,I1002691,2242,1.066599037E7,72402.14,,missing_sale_date
C242,I1002748,923,5.574502212E7,-14136.95,2025-10-02,price_negative
,I1002813,593,2.678545329E7,76975.36,2025-10-20,missing_seller_id
,I1002854,2563,1.6445768053E8,9711.42,2025-09-19,missing_seller_id
C233,I1002856,2048,2.2037696027E8,132874.37,,missing_sale_date
,I1002880,264,985861.58,80835.03,2025-09-04,missing_seller_id
,I1002914,2329,3.4793554203E8,53996.72,2025-10-15,missing_seller_id
C217,I1002928,2558,5.901793286E7,-102332.1,2025-10-09,price_negative
C206,I1002932,2274,1.891899265E8,88081.03,,missing_sale_date
C242,I1003023,2076,2.9383107419E8,121255.94,,missing_sale_date
C217,I1003038,1503,1.2766344865E8,8654.66,,missing_sale_date
C232,I1003047,2445,3.0067516023E8,-102097.72,2025-10-03,price_negative
C209,I1003061,524,6.076155906E7,53652.31,,missing_sale_date
C249,I1003071,1084,7.827748956E7,78707.84,,missing_sale_date
,I1003095,2270,1.8276886699E8,90717.51,2025-10-26,missing_seller_id
,I1003116,524,6.986213149E7,104085.99,2025-09-28,missing_seller_id
C211,I1003132,1561,2.0193956002E8,102327.6,,missing_sale_date
C237,I1003147,1976,2.4301639821E8,-144315.6,2025-09-10,price_negative
,I1003176,501,1.738110292E7,75832.72,2025-09-21,missing_seller_id
C220,I1003191,908,9513093.65,-42800.92,2025-10-28,price_negative
C215,I1003230,1599,0.0,-139127.54,2025-10-11,price_negative
,I1003266,2030,2.7331371235E8,109725.76,2025-10-28,missing_seller_id
C209,I1003269,559,0.0,-146483.07,2025-10-14,price_negative
C213,I1003274,1434,1.3434874963E8,-149036.22,2025-09-16,price_negative
,I1003298,969,7.121198516E7,118133.05,2025-10-20,missing_seller_id
,I1003345,1080,4.122791134E7,52580.05,2025-09-18,missing_seller_id
,I1003355,1723,2.893122445E7,81412.96,2025-09-24,missing_seller_id
C225,I1003360,1470,1.8817929079E8,102509.2,,missing_sale_date
,I1003380,2358,1.136492054E7,97459.13,2025-09-15,missing_seller_id
C237,I1003385,1157,1.4799193183E8,2087.15,,missing_sale_date
C240,I1003400,805,3.154789861E7,6677.15,,missing_sale_date
,I1003407,1257,1.4185057555E8,18382.39,2025-10-06,missing_seller_id
C236,I1003424,0,9.800994477E7,10540.19,,missing_sale_date
C209,I1003441,437,1.769838381E7,136555.14,,missing_sale_date
,I1003472,1701,4.315796905E7,115260.7,2025-09-16,missing_seller_id
,I1003482,588,1.960510368E7,139221.35,2025-10-14,missing_seller_id
,I1003507,1202,1.664072208E8,44250.27,2025-10-11,missing_seller_id
C242,I1003515,1822,9.501165423E7,-99965.99,2025-10-21,price_negative
C204,I1003520,2293,2.9771894246E8,-16136.25,2025-09-10,price_negative
C237,I1003556,1060,8.962099258E7,108053.8,,missing_sale_date
,I1003576,1117,2.055316634E7,9738.98,2025-09-29,missing_seller_id
C245,I1003633,1426,1.9974148472E8,-149184.18,2025-10-06,price_negative
,I1003656,2220,2.7017497644E8,47019.12,2025-09-25,missing_seller_id
C219,I1003666,2539,2.3751383724E8,-141475.95,2025-09-23,price_negative
,I1003678,1348,9.515241472E7,76180.57,2025-10-24,missing_seller_id
C220,I1003695,1776,6.083377823E7,-86834.02,2025-09-16,price_negative
C249,I1003704,584,2.585639389E7,75690.71,,missing_sale_date
C216,I1003712,1902,2.2098032985E8,-111324.17,2025-09-23,price_negative
,I1003738,651,1.390640856E7,19239.45,2025-10-25,missing_seller_id
,I1003768,2119,2.803342312E7,58354.9,2025-10-20,missing_seller_id
,I1003770,2204,1.314251558E7,75243.04,2025-10-26,missing_seller_id
C231,I1003792,1781,1.9031931338E8,-74424.32,2025-10-03,price_negative
,I1003830,2330,2.72534675E7,113887.71,2025-09-25,missing_seller_id
C212,I1003855,1773,1.2826638784E8,-106501.44,2025-09-14,price_negative
,I1003899,1552,1.8463462783E8,102394.22,2025-10-12,missing_seller_id
C217,I1003909,2501,2.4158185369E8,-97993.61,2025-09-06,price_negative
C207,I1003956,692,4.513062372E7,57127.71,,missing_sale_date
C230,I1003967,1370,3.319191744E7,80411.55,,missing_sale_date
C211,I1003968,100,2072695.19,22472.9,,missing_sale_date
,I1003975,1195,9.019406922E7,123653.34,2025-10-03,missing_seller_id
C231,I1003982,2820,2.6586584989E8,-43780.9,2025-09-04,price_negative
C205,I1003987,2737,3.6690943306E8,111221.37,,missing_sale_date
C239,I1003993,1527,1.4866337458E8,7363.94,,missing_sale_date
C233,I1004009,875,5.570292976E7,-122461.67,2025-10-06,price_negative
C220,I1004017,379,327734.4,-140273.24,2025-10-02,price_negative
C219,I1004018,2755,1.2129177316E8,-29548.58,2025-10-03,price_negative
C205,I1004049,2846,2.4145793479E8,25587.48,,missing_sale_date
,I1004104,2665,2.293745243E8,47988.66,2025-09-29,missing_seller_id
C207,I1004133,346,2.093070751E7,-114128.77,2025-09-20,price_negative
,I1004139,236,2.609062613E7,91161.1,2025-10-04,missing_seller_id
C207,I1004157,2038,2.012477139E7,114450.17,,missing_sale_date
,I1004183,2175,2.5314937237E8,25612.37,2025-10-20,missing_seller_id
,I1004203,2989,2.771854971E8,50458.74,2025-10-16,missing_seller_id
C236,I1004226,1988,2.8630529474E8,110685.4,,missing_sale_date
,I1004233,2547,1.645750407E8,135055.15,2025-10-26,missing_seller_id
,I1004235,2931,3.5959579682E8,131616.55,2025-10-03,missing_seller_id
,I1004252,922,3.202497815E7,52188.92,2025-10-01,missing_seller_id
C221,I1004257,2756,2.4122080849E8,-28842.18,2025-09-16,price_negative
C224,I1004294,2634,2.9105921817E8,-5765.94,,"price_negative,missing_sale_date"
C230,I1004298,2920,1.7584697877E8,76940.64,,missing_sale_date
,I1004299,990,3.188011068E7,120958.29,2025-09-21,missing_seller_id
C241,I1004303,1479,6911557.78,-146576.6,2025-10-11,price_negative
,I1004306,2271,2.6897710215E8,91798.94,2025-09-30,missing_seller_id
C221,I1004377,1737,2.2773798133E8,76340.7,,missing_sale_date
C219,I1004385,2647,3.7352394748E8,-93910.27,2025-09-28,price_negative
C226,I1004428,261,3.261912396E7,34235.28,,missing_sale_date
C244,I1004441,2271,1.7581041595E8,-88177.97,2025-09-20,price_negative
,I1004452,2604,1.3639525307E8,134995.81,2025-10-02,missing_seller_id
C240,I1004458,2692,3.3534899985E8,90218.73,,missing_sale_date
C222,I1004497,1841,2.603484429E8,24674.07,,missing_sale_date
C225,I1004512,1870,1.5797522407E8,-828.27,2025-09-05,price_negative
C243,I1004515,289,1.607269714E7,52663.26,,missing_sale_date
,I1004530,1870,1.6639987132E8,41572.62,2025-10-31,missing_seller_id
C209,I1004598,2952,4.1031655655E8,-12867.88,2025-09-04,price_negative
C214,I1004634,1947,2.8941934904E8,99246.15,,missing_sale_date
,I1004641,2575,1.668440345E8,61743.68,2025-09-18,missing_seller_id
,I1004675,153,171954.48,18224.57,2025-10-24,missing_seller_id
C218,I1004676,238,1.40341499E7,-32887.48,,"price_negative,missing_sale_date"
C215,I1004678,1414,1.6119232472E8,9557.92,,missing_sale_date
C207,I1004691,1723,1.6107882527E8,25345.66,,missing_sale_date
,I1004701,2284,1.1358330849E8,119768.96,2025-09-22,missing_seller_id
,I1004702,697,5.969325396E7,32082.83,2025-10-20,missing_seller_id
,I1004711,2936,4.3210854755E8,34003.44,2025-09-01,missing_seller_id
,I1004714,2358,1.386941743E7,17262.11,2025-09-26,missing_seller_id
,I1004731,1992,2.8924320143E8,49697.03,2025-10-24,missing_seller_id
,I1004768,2802,3.0361691956E8,57818.21,2025-09-15,missing_seller_id
C237,I1004780,815,2.835287946E7,-141598.01,2025-09-03,price_negative
,I1004783,1434,5.839351919E7,6703.91,2025-10-07,missing_seller_id
,I1004792,2532,2.3508902531E8,36493.68,2025-10-28,missing_seller_id
C205,I1004812,2683,2.1767030954E8,-115785.41,2025-09-18,price_negative
,I1004816,2093,2.7615084956E8,107485.61,2025-10-24,missing_seller_id
,I1004835,1013,6.532908471E7,124954.79,2025-09-20,missing_seller_id
C205,I1004836,1428,8924422.04,43740.06,,missing_sale_date
C203,I1004837,1385,1.2131531325E8,142777.56,,missing_sale_date
,I1004850,2339,2.9578323006E8,121388.86,2025-09-23,missing_seller_id
C230,I1004852,1992,2.6653228391E8,-112716.09,2025-10-31,price_negative
C247,I1004879,209,1.250118495E7,47802.05,,missing_sale_date
C250,I1004921,1607,2.2853433933E8,-147883.41,2025-10-26,price_negative
C201,I1004925,981,1.2232840929E8,113626.98,,missing_sale_date
C211,I1004936,2357,8742835.82,-36211.03,2025-10-22,price_negative
,I1004943,448,0.0,145913.3,2025-10-23,missing_seller_id
,I1004969,2986,3.7340195466E8,16747.38,2025-09-06,missing_seller_id
,I1004989,761,1.769732946E7,125225.44,2025-09-24,missing_seller_id
C221,I1005001,2082,7.863708305E7,-13387.41,2025-09-20,price_negative
C224,I1005061,2073,2.3541859112E8,-91116.5,2025-10-21,price_negative
,I1005062,1080,1.0641622768E8,49086.45,2025-09-12,missing_seller_id
,I1005081,1573,2.2338673039E8,53560.71,2025-09-05,missing_seller_id
,I1005100,498,5.527796034E7,25027.68,2025-09-12,missing_seller_id
C237,I1005103,1590,1.1687954398E8,-124433.88,2025-09-30,price_negative
C206,I1005131,2067,3.0031455269E8,-116986.89,2025-10-07,price_negative
,I1005138,1822,2.3589318693E8,41373.55,2025-10-26,missing_seller_id
C247,I1005165,1148,0.0,101826.86,,missing_sale_date
C236,I1005171,968,5.644189342E7,-21179.25,2025-09-22,price_negative
C204,I1005178,1589,2.3407637014E8,43822.07,,missing_sale_date
C221,I1005184,307,2.522533522E7,71010.72,,missing_sale_date
C235,I1005185,1978,1.9882687949E8,-76807.33,2025-10-07,price_negative
,I1005209,2446,2.2624596751E8,24841.1,2025-09-08,missing_seller_id
C225,I1005215,2210,2.2804288736E8,133961.07,,missing_sale_date
C243,I1005217,2469,1.2357766572E8,-19976.42,2025-09-10,price_negative
,I1005235,1856,2.648921137E8,92057.84,2025-09-11,missing_seller_id
C247,I1005246,455,6.018563681E7,-130288.59,2025-09-17,price_negative
C244,I1005249,2395,1.255051495E8,25209.56,,missing_sale_date
C249,I1005257,2278,1.1021731177E8,-99579.44,2025-10-10,price_negative
,I1005260,1256,1.0744011329E8,4591.7,2025-10-27,missing_seller_id
C216,I1005277,1732,2.2607883071E8,-55261.12,2025-09-30,price_negative
,I1005304,1310,1.477629988E7,25953.93,2025-10-27,missing_seller_id
C242,I1005313,1590,1.6553232058E8,-63254.71,2025-09-04,price_negative
,I1005315,0,2.978766781E7,106199.97,2025-09-07,missing_seller_id
C239,I1005342,180,2.503193688E7,-86635.78,2025-10-27,price_negative
C225,I1005358,2914,2.4473574328E8,-53803.12,2025-09-29,price_negative
,I1005360,400,9275533.51,111513.53,2025-10-11,missing_seller_id
C239,I1005374,1274,7.069813555E7,13023.66,,missing_sale_date
,I1005384,1417,9.698228245E7,106699.19,2025-10-07,missing_seller_id
C219,I1005455,1544,7728852.85,-135729.09,2025-09-16,price_negative
,I1005458,1234,1.0903123588E8,149801.23,2025-10-02,missing_seller_id
C228,I1005463,552,1.185849251E7,-63420.49,2025-10-12,price_negative
,I1005504,1463,7.661710128E7,142477.5,2025-09-25,missing_seller_id
C245,I1005527,782,4.401798008E7,112069.17,,missing_sale_date
C243,I1005579,1476,1.1375936567E8,-9100.67,2025-10-16,price_negative
C247,I1005634,837,3.767893219E7,116844.76,,missing_sale_date
C226,I1005637,2709,2.2540409692E8,60744.36,,missing_sale_date
C249,I1005668,120,492443.06,74944.63,,missing_sale_date
,I1005673,2220,2.663035067E8,30776.93,2025-09-21,missing_seller_id
,I1005703,1397,1.9169116191E8,104210.37,2025-09-10,missing_seller_id
C216,I1005737,1531,1.0833104902E8,91190.11,,missing_sale_date
C216,I1005739,587,2170297.22,-144833.67,2025-09-27,price_negative
,I1005743,2991,2.1328864412E8,148933.81,2025-09-06,missing_seller_id
C240,I1005779,1208,3.849507854E7,67501.19,,missing_sale_date
C227,I1005796,2976,1.9505157115E8,149871.68,,missing_sale_date
C236,I1005800,241,2.845374831E7,-17903.67,2025-10-13,price_negative
C201,I1005906,2753,9.594168794E7,147918.79,,missing_sale_date
,I1005940,1795,1.0685704414E8,31749.62,2025-10-07,missing_seller_id
C211,I1005943,912,1.3619443624E8,125917.83,,missing_sale_date
,I1005947,1458,1.2429588444E8,35930.04,2025-09-22,missing_seller_id
C228,I1005965,2598,2.8636409047E8,-5397.77,2025-09-18,price_negative
,I1005977,702,5.962132108E7,38481.1,2025-10-31,missing_seller_id
C229,I1005987,2216,3.0694431308E8,-54709.96,2025-09-26,price_negative
C212,I1006006,886,9.204541391E7,12542.31,,missing_sale_date
,I1006009,2433,5600611.44,143263.57,2025-09-22,missing_seller_id
,I1006045,210,2.761777914E7,54646.22,2025-09-12,missing_seller_id
,I1006063,1057,5.394828246E7,130105.19,2025-10-27,missing_seller_id
C216,I1006068,1019,1.965691868E7,54675.07,,missing_sale_date
C201,I1006077,1829,5.6602992E7,-147516.19,2025-10-08,price_negative
C228,I1006082,626,3.720149304E7,-79596.72,2025-10-07,price_negative
C214,I1006101,215,2.579532804E7,120486.95,,missing_sale_date
,I1006103,2895,4.122426334E7,68206.64,2025-10-27,missing_seller_id
C248,I1006105,1631,2.979244986E7,130656.05,,missing_sale_date
,I1006110,702,1.462086163E7,29841.41,2025-10-02,missing_seller_id
,I1006127,2661,2.7627669954E8,37792.04,2025-10-28,missing_seller_id
C232,I1006171,381,5966643.38,140586.61,,missing_sale_date
C235,I1006188,2204,3.138047712E7,79075.17,,missing_sale_date
C237,I1006191,2150,4.408648066E7,138283.96,,missing_sale_date
,I1006209,1239,1.7187231376E8,5012.67,2025-10-30,missing_seller_id
C201,I1006225,1974,1.3974293931E8,-40037.55,2025-10-18,price_negative
,I1006227,1481,1.7812112636E8,95598.86,,"missing_seller_id,missing_sale_date"
,I1006234,2619,3.254730049E7,145787.0,2025-10-29,missing_seller_id
,I1006239,145,8147410.94,49492.29,2025-10-21,missing_seller_id
C236,I1006241,1333,2.348881532E7,41922.75,,missing_sale_date
,I1006273,392,3.258820008E7,31489.08,2025-09-17,missing_seller_id
,I1006277,582,5.722450457E7,22125.41,2025-09-30,missing_seller_id
C245,I1006287,947,6.521325971E7,22710.9,,missing_sale_date
C229,I1006302,1542,1.8728909787E8,143332.23,,missing_sale_date
,I1006329,1216,8.010643448E7,109818.05,2025-09-20,missing_seller_id
C241,I1006358,2285,1.073758712E7,-80495.26,2025-10-03,price_negative
C221,I1006366,1568,4.981124964E7,-122680.41,2025-10-30,price_negative
C229,I1006375,1537,1.1291158673E8,-97549.8,2025-10-11,price_negative
,I1006386,1988,2.2560387068E8,93289.84,2025-10-28,missing_seller_id
C209,I1006391,438,1436287.39,10420.88,,missing_sale_date
C217,I1006429,2521,1.78935173E8,-41633.91,2025-09-04,price_negative
C221,I1006445,2005,9475773.83,-56787.66,2025-09-03,price_negative
,I1006457,2105,6.05016215E7,47082.27,2025-10-09,missing_seller_id
C208,I1006544,2230,1428444.07,-113195.94,2025-10-17,price_negative
C205,I1006554,490,4.907547023E7,-63543.18,2025-10-03,price_negative
C250,I1006592,1785,1.0101623234E8,-51586.22,2025-09-20,price_negative
,I1006612,1414,1.5487611518E8,111444.46,2025-09-14,missing_seller_id
,I1006640,2031,9.507662878E7,1417.98,2025-09-30,missing_seller_id
,I1006645,1196,3.583948148E7,76962.62,2025-10-22,missing_seller_id
C201,I1006649,2190,1.6334501951E8,-46799.71,2025-09-16,price_negative
C202,I1006666,1933,0.0,80482.69,,missing_sale_date
C236,I1006669,1044,1.530587026E7,-16224.97,2025-10-31,price_negative
C240,I1006672,2132,3.185215662E8,60624.05,,missing_sale_date
C218,I1006679,332,1.567877549E7,-127112.78,2025-10-16,price_negative
C244,I1006687,585,3.558842235E7,-900.39,2025-10-12,price_negative
C244,I1006700,1695,1.6288930559E8,-33207.98,2025-10-16,price_negative
C224,I1006720,1151,1.0301874884E8,42341.14,,missing_sale_date
C248,I1006721,1840,2.513043451E8,140241.54,,missing_sale_date
,I1006770,1578,1.5096905924E8,126584.79,2025-09-19,missing_seller_id
,I1006779,2801,3.5361459525E8,135288.26,2025-09-16,missing_seller_id
,I1006803,2332,2.8412792716E8,139575.6,2025-09-30,missing_seller_id
C219,I1006807,2413,1.3883195234E8,128342.56,,missing_sale_date
C217,I1006821,256,2.855103842E7,-148817.44,2025-10-13,price_negative
,I1006824,1444,1.9498199924E8,142728.06,2025-10-25,missing_seller_id
C233,I1006825,2207,4.790321195E7,-4792.36,2025-10-16,price_negative
C229,I1006830,2494,2.9298697735E8,9585.11,,missing_sale_date
C250,I1006854,1620,6532269.7,34155.84,,missing_sale_date
,I1006861,2810,1.50559201E8,79533.85,2025-09-13,missing_seller_id
C201,I1006870,1000,1.678417664E7,57302.02,,missing_sale_date
C210,I1006872,563,4.964655669E7,52728.85,,missing_sale_date
,I1006884,988,1.3019882149E8,44504.6,,"missing_seller_id,missing_sale_date"
,I1006894,1755,1.948467599E8,75537.0,2025-10-08,missing_seller_id
C213,I1006906,2095,2.5174536366E8,-50963.51,2025-10-13,price_negative
C214,I1006935,2906,1.7940530367E8,-48483.32,2025-09-09,price_negative
C213,I1006994,2349,8.368087414E7,36379.97,,missing_sale_date
C244,I1007004,2355,5.733809732E7,32287.86,,missing_sale_date
C215,I1007029,2948,2.930842357E8,105978.83,,missing_sale_date
,I1007047,2445,3.4732884021E8,73236.34,2025-10-15,missing_seller_id
,I1007050,180,4953491.41,70590.22,2025-09-25,missing_seller_id
C212,I1007062,319,1.230473796E7,88725.18,,missing_sale_date
,I1007069,2264,2.1199918081E8,118579.95,2025-10-13,missing_seller_id
,I1007075,1308,1.5405202721E8,116435.98,2025-10-24,missing_seller_id
C218,I1007084,2881,1.6995397451E8,64316.81,,missing_sale_date
,I1007089,837,2.155126186E7,2584.93,2025-10-17,missing_seller_id
C223,I1007121,2897,3.8603267188E8,55290.12,,missing_sale_date
C206,I1007139,2766,6.8501804E7,-67861.2,2025-09-29,price_negative
C242,I1007143,965,5.715793906E7,-113150.25,2025-09-13,price_negative
,I1007168,2272,3.215701473E8,83869.21,2025-10-20,missing_seller_id
C246,I1007175,2453,2.4394036521E8,73681.3,,missing_sale_date
C236,I1007197,1103,2.344973581E7,-60133.88,2025-10-11,price_negative
C208,I1007208,1445,3.123957488E7,75747.49,,missing_sale_date
,I1007210,106,5501531.22,2839.16,2025-10-30,missing_seller_id
C250,I1007215,2356,7.431609573E7,-67899.76,2025-10-15,price_negative
C226,I1007220,1830,2.3028956059E8,-96765.11,2025-10-22,price_negative
C206,I1007221,2456,0.0,19967.7,,missing_sale_date
C223,I1007238,2223,2.398816575E8,-117331.4,2025-10-19,price_negative
C229,I1007258,2522,1.3139267551E8,-50219.48,2025-10-10,price_negative
C202,I1007273,2774,1.7224401626E8,88102.28,,missing_sale_date
C214,I1007281,900,1.1168889412E8,34652.28,,missing_sale_date
,I1007282,974,6.02590298E7,143766.93,2025-09-24,missing_seller_id
C224,I1007285,2325,8.101588176E7,61962.45,,missing_sale_date
C221,I1007292,2609,2.7549590317E8,99303.52,,missing_sale_date
C208,I1007337,0,1.4855644676E8,60501.22,,missing_sale_date
C244,I1007364,1592,0.0,-88446.14,2025-09-23,price_negative
C211,I1007376,2093,3.532126155E7,33961.27,,missing_sale_date
C240,I1007382,608,4.155877655E7,112360.19,,missing_sale_date
C241,I1007387,0,1.4667556892E8,125438.37,,missing_sale_date
,I1007392,1116,9.977188403E7,136843.53,2025-09-13,missing_seller_id
C231,I1007394,1247,6.466988416E7,-138723.83,2025-10-19,price_negative
C223,I1007407,164,1.414299164E7,-37762.77,2025-10-02,price_negative
C249,I1007411,2155,3.17941605E8,50639.26,,missing_sale_date
C232,I1007415,2603,3.1651253111E8,-33027.31,2025-10-23,price_negative
,I1007455,2498,1.1821353819E8,117922.68,2025-09-14,missing_seller_id
,I1007460,1658,2.2675886415E8,69666.81,2025-10-09,missing_seller_id
C229,I1007465,2710,1.1751417724E8,-94416.59,2025-10-10,price_negative
C207,I1007468,2093,2.6816499458E8,-145457.43,2025-09-18,price_negative
C227,I1007475,526,2.943083448E7,-18415.7,2025-09-09,price_negative
,I1007557,1831,1.8771746881E8,17099.68,,"missing_seller_id,missing_sale_date"
,I1007559,2523,6.82431529E7,29491.24,2025-10-22,missing_seller_id
C207,I1007565,270,1.922210356E7,130742.96,,missing_sale_date
,I1007580,2482,1.1833184326E8,26461.43,2025-10-24,missing_seller_id
C227,I1007589,131,275273.24,-85922.34,2025-10-02,price_negative
C245,I1007597,520,6.654707896E7,-149542.94,2025-09-21,price_negative
,I1007601,1806,1.8028087045E8,117049.47,2025-10-31,missing_seller_id
,I1007651,1864,1.0997855985E8,17000.65,2025-09-05,missing_seller_id
C221,I1007656,290,6028206.99,147208.21,,missing_sale_date
C230,I1007657,473,2.833912436E7,-127893.69,2025-10-31,price_negative
C213,I1007728,2149,7.316469652E7,1057.74,,missing_sale_date
C238,I1007744,259,3.483028327E7,63812.42,,missing_sale_date
C226,I1007755,2757,3.7582312702E8,-58413.24,2025-09-05,price_negative
C213,I1007757,332,1.084305749E7,-73107.92,2025-10-20,price_negative
,I1007773,2174,1.3982811317E8,132953.61,2025-10-13,missing_seller_id
C201,I1007788,2642,1.522942812E7,135014.35,,missing_sale_date
,I1007799,1191,7.039012714E7,103496.89,2025-10-28,missing_seller_id
C228,I1007804,1717,8481754.11,-109940.88,2025-09-18,price_negative
,I1007812,2392,3.1315136395E8,109479.12,2025-09-26,missing_seller_id
C237,I1007814,1950,1.3715972956E8,-120258.15,2025-09-20,price_negative
C233,I1007820,0,0.0,844.55,,missing_sale_date
,I1007849,600,8.413740126E7,72230.56,2025-10-11,missing_seller_id
,I1007853,809,6.632902481E7,109469.5,2025-09-22,missing_seller_id
,I1007863,2057,1.8002792102E8,61340.55,2025-10-09,missing_seller_id
,I1007901,2732,1.7905773119E8,10754.8,2025-09-29,missing_seller_id
C226,I1007917,498,2.227487044E7,82369.37,,missing_sale_date
,I1007918,2750,0.0,56395.97,2025-09-14,missing_seller_id
,I1007932,2348,7.364445482E7,64905.05,2025-09-18,missing_seller_id
C239,I1007934,1198,1.952486849E7,-90651.98,2025-09-30,price_negative
,I1007969,1618,1.9119389317E8,111849.61,2025-10-03,missing_seller_id
C226,I1007984,2739,2.352154362E7,29044.88,,missing_sale_date
C212,I1007996,1194,2.856256427E7,-133421.24,2025-10-16,price_negative
C210,I1007999,663,4.007661516E7,119343.31,,missing_sale_date
,I1008004,124,1.527546778E7,2495.21,2025-10-23,missing_seller_id
,I1008012,1196,3.115237387E7,110504.52,2025-09-12,missing_seller_id
,I1008060,2306,1.9321111276E8,49162.6,2025-10-10,missing_seller_id
C227,I1008076,0,2.399493051E7,149821.15,,missing_sale_date
C243,I1008171,1645,4.4742206E7,-98355.57,2025-10-04,price_negative
C237,I1008188,1837,9.474544725E7,40686.11,,missing_sale_date
C208,I1008219,1345,1.2406355637E8,-85733.29,,"price_negative,missing_sale_date"
C230,I1008220,1659,2.445866209E7,-140415.87,2025-10-14,price_negative
,I1008245,2803,1.1024798745E8,2684.21,2025-09-25,missing_seller_id
C223,I1008260,2267,1.520059935E7,-40693.73,2025-09-26,price_negative
,I1008271,916,7.828850763E7,53337.09,2025-10-07,missing_seller_id
C203,I1008292,148,1738867.7,136264.18,,missing_sale_date
C230,I1008317,1856,1.2589215408E8,-89377.07,2025-10-16,price_negative
,I1008333,1913,2.7972591407E8,139102.89,2025-09-18,missing_seller_id
,I1008340,873,0.0,8674.03,2025-09-02,missing_seller_id
C242,I1008373,2286,1.8450525769E8,26302.59,,missing_sale_date
C232,I1008382,1607,1.3025079861E8,-142479.3,2025-10-21,price_negative
C223,I1008383,522,5.369256569E7,63978.02,,missing_sale_date
,I1008421,2905,1.3896539136E8,90625.2,2025-10-02,missing_seller_id
C232,I1008426,2066,8.267783389E7,59910.6,,missing_sale_date
C247,I1008474,1737,9.183746237E7,63111.69,,missing_sale_date
C250,I1008506,1893,4.068262907E7,-121468.5,2025-09-01,price_negative
,I1008512,1989,7.528219816E7,18583.8,2025-09-15,missing_seller_id
C241,I1008517,1467,1.6104185176E8,99640.82,,missing_sale_date
C203,I1008522,1206,9.352924E7,94439.41,,missing_sale_date
C222,I1008531,2253,1.2562469552E8,79536.4,,missing_sale_date
C232,I1008533,174,2.544898724E7,-56544.51,2025-10-22,price_negative
C237,I1008552,2214,1.1644208079E8,138206.65,,missing_sale_date
,I1008559,2424,2.6509357322E8,50582.7,2025-10-10,missing_seller_id
C207,I1008562,2763,1.1855308581E8,129036.36,,missing_sale_date
,I1008565,1159,1.2174263874E8,54759.15,2025-10-13,missing_seller_id
,I1008566,1792,1.4500572294E8,50104.8,2025-09-17,missing_seller_id
C237,I1008569,2090,6.598581357E7,-60044.98,2025-10-19,price_negative
C238,I1008580,1985,1.0591848718E8,-45060.98,2025-10-06,price_negative
C246,I1008590,2615,2.8390723037E8,102355.47,,missing_sale_date
,I1008651,1282,2.220578071E7,97865.43,2025-10-10,missing_seller_id
C244,I1008684,1684,3.662484588E7,-147557.12,2025-09-25,price_negative
C217,I1008722,1864,4.913813347E7,21116.65,,missing_sale_date
,I1008726,2518,1.2996984897E8,23134.67,2025-09-04,missing_seller_id
C222,I1008730,393,5.003184853E7,-55013.17,2025-10-03,price_negative
C245,I1008764,651,9.154893974E7,-52392.84,2025-10-19,price_negative
C247,I1008795,1374,2.818978751E7,-133309.72,2025-09-17,price_negative
C216,I1008798,1407,5.168018231E7,-50094.89,2025-09-14,price_negative
,I1008805,854,7.167540677E7,83089.47,2025-10-05,missing_seller_id
C208,I1008821,2533,2.2510017146E8,62923.27,,missing_sale_date
C234,I1008833,2881,0.0,-134452.13,2025-09-28,price_negative
C249,I1008835,2847,3.5550767936E8,-7657.52,2025-10-15,price_negative
C249,I1008841,2610,7.737386644E7,144261.91,,missing_sale_date
,I1008855,299,6995694.06,133237.26,2025-09-12,missing_seller_id
C220,I1008920,1003,8.065797891E7,-62886.6,2025-10-27,price_negative
C241,I1008933,2503,3.3655801228E8,75495.92,,missing_sale_date
C250,I1008947,724,1.9434096E7,83315.92,,missing_sale_date
C231,I1008949,2721,1.0443210418E8,-112922.96,2025-10-07,price_negative
,I1008954,241,3.531787473E7,70245.05,2025-10-31,missing_seller_id
C239,I1008955,2497,9.770461058E7,-54053.09,2025-10-29,price_negative
,I1008994,2833,4.2140719888E8,2790.2,2025-10-04,missing_seller_id
C208,I1008996,2746,2.0360254533E8,-16191.55,2025-10-21,price_negative
C201,I1009006,268,3.109999534E7,108315.82,,missing_sale_date
C221,I1009011,1989,1.6215738954E8,78668.97,,missing_sale_date
,I1009014,2773,3.427025547E7,-2357.09,2025-10-01,"missing_seller_id,price_negative"
,I1009028,414,5.705982371E7,80406.1,2025-09-12,missing_seller_id
C240,I1009043,2182,8.990701284E7,-75696.84,2025-09-04,price_negative
C228,I1009052,2907,1.5293807892E8,-46568.14,2025-10-19,price_negative
C227,I1009071,2877,5.858286126E7,88111.36,,missing_sale_date
C230,I1009091,1485,1.1502826317E8,-46981.52,2025-10-19,price_negative
,I1009092,1930,2.3420866048E8,22807.11,2025-10-12,missing_seller_id
C207,I1009104,464,4.725063503E7,148688.34,,missing_sale_date
C204,I1009118,674,0.0,-8565.83,2025-09-08,price_negative
C231,I1009119,452,1.419540903E7,-81889.54,2025-09-24,price_negative
,I1009149,1217,3.407309866E7,126375.18,2025-10-25,missing_seller_id
,I1009150,0,2.717306516E7,94066.9,2025-09-06,missing_seller_id
C221,I1009174,1881,7.727335642E7,46495.96,,missing_sale_date
C234,I1009183,1444,1.699710173E7,-122058.52,2025-10-09,price_negative
C202,I1009186,2036,2.5661254799E8,-134507.77,2025-10-21,price_negative
C244,I1009195,173,0.0,118198.2,,missing_sale_date
C212,I1009211,1371,1.628147679E7,119349.59,,missing_sale_date
C201,I1009218,2041,4.638619544E7,19453.66,,missing_sale_date
,I1009219,1096,1.3333556099E8,101727.88,2025-10-08,missing_seller_id
C229,I1009223,1083,6.081815071E7,-111608.13,2025-10-13,price_negative
,I1009232,518,5.181080431E7,13440.05,2025-10-22,missing_seller_id
,I1009241,650,1.121860041E7,129213.33,2025-10-23,missing_seller_id
C235,I1009251,2263,7.657216211E7,-46810.78,2025-09-20,price_negative
C207,I1009254,0,3.4230144203E8,-92621.36,2025-10-07,price_negative
,I1009282,791,1.0401852733E8,114204.24,2025-09-28,missing_seller_id
C208,I1009306,717,1.0089640256E8,-135967.97,2025-10-20,price_negative
C215,I1009308,1137,2.288586796E7,77286.42,,missing_sale_date
C229,I1009331,1896,3071817.61,-94756.81,2025-09-01,price_negative
C207,I1009332,1043,3.298570386E7,32684.11,,missing_sale_date
C243,I1009344,2508,3.460551102E7,92703.36,,missing_sale_date
C243,I1009358,1081,1.0947124507E8,2148.59,,missing_sale_date
C232,I1009390,229,0.0,112278.16,,missing_sale_date
,I1009417,1004,9.236087799E7,102674.26,2025-09-06,missing_seller_id
C226,I1009438,579,3770201.0,136154.46,,missing_sale_date
,I1009454,1962,2.7238144743E8,143000.23,2025-10-01,missing_seller_id
C231,I1009497,2896,4.0239336717E8,76111.76,,missing_sale_date
C227,I1009502,2169,2.3947567072E8,-92777.91,2025-09-11,price_negative
C232,I1009526,985,1193126.41,15733.32,,missing_sale_date
C213,I1009559,2430,1.2555047993E8,-103364.43,2025-10-29,price_negative
C214,I1009564,2576,1.5245121907E8,-123775.62,2025-09-12,price_negative
C235,I1009579,1472,1.5661765173E8,-104522.0,2025-09-08,price_negative
C243,I1009587,1310,2.85658684E7,-12299.6,2025-10-14,price_negative
,I1009590,651,3.222316786E7,66461.12,2025-09-25,missing_seller_id
,I1009597,1546,1.2848391029E8,111380.55,2025-10-30,missing_seller_id
,I1009648,2602,2.5212765093E8,136116.33,2025-09-03,missing_seller_id
C229,I1009670,1086,1.5636615084E8,-3896.62,2025-09-27,price_negative
C241,I1009704,1533,1.2163843794E8,-125999.74,2025-09-24,price_negative
C230,I1009718,1320,1.4912007749E8,122503.48,,missing_sale_date
C219,I1009736,2565,1.6352970713E8,-139073.15,2025-09-12,price_negative
C237,I1009754,974,1.3229924573E8,-17909.55,2025-09-23,price_negative
,I1009757,1252,1.6092814733E8,59202.59,2025-09-24,missing_seller_id
,I1009787,750,4.902907672E7,142081.12,2025-09-13,missing_seller_id
C212,I1009817,327,1.053806902E7,-119660.99,2025-09-23,price_negative
C248,I1009824,2226,1.5992015802E8,-59746.38,2025-10-03,price_negative
C219,I1009835,1235,9.369834355E7,-98291.08,2025-09-12,price_negative
C220,I1009854,1933,5.994252956E7,-66743.52,2025-09-13,price_negative
,I1009886,0,1902459.95,112236.52,2025-10-09,missing_seller_id
C231,I1009896,1509,1.0239032683E8,-1868.73,2025-10-29,price_negative
C228,I1009916,868,1.076261588E7,-53560.95,2025-10-08,price_negative
,I1009919,2250,2.3720987863E8,53290.34,2025-10-27,missing_seller_id
,I1009961,1240,1.3007262866E8,27472.15,2025-10-19,missing_seller_id
